,precursor_name,updated_precursor_name
1,CAR(10:0),CAR(10:0)
2,CAR(10:1),CAR(10:1)
3,CAR(10:1)-DC,CAR(10:1)-DC
4,CAR(10:2),CAR(10:2)
5,CAR(11:0),CAR(11:0)
6,CAR(12:0),CAR(12:0)
7,CAR(12:0)-OH,CAR(12:0)-OH
8,CAR(12:1),CAR(12:1)
9,CAR(12:2),CAR(12:2)
10,CAR(13:0),CAR(13:0)
11,CAR(14:0),CAR(14:0)
12,CAR(14:1),CAR(14:1)
13,CAR(14:2),CAR(14:2)
14,CAR(15:0),CAR(15:0)
15,CAR(16:0),CAR(16:0)
16,CAR(16:0)-OH,CAR(16:0)-OH
17,CAR(16:1),CAR(16:1)
18,CAR(16:3),CAR(16:3)
19,CAR(17:0),CAR(17:0)
20,CAR(18:0),CAR(18:0)
21,CAR(18:1),CAR(18:1)
22,CAR(18:2),CAR(18:2)
23,CAR(18:3),CAR(18:3)
24,CAR(19:0),CAR(19:0)
25,CAR(20:0),CAR(20:0)
26,CAR(20:1),CAR(20:1)
27,CAR(20:2),CAR(20:2)
28,CAR(20:4),CAR(20:4)
29,CAR(20:5),CAR(20:5)
30,CAR(22:0),CAR(22:0)
31,CAR(22:2),CAR(22:2)
32,CAR(22:4),CAR(22:4)
33,CAR(22:5),CAR(22:5)
34,CAR(22:6),CAR(22:6)
35,CAR(24:0),CAR(24:0)
36,CAR(24:1),CAR(24:1)
37,CAR(26:0),CAR(26:0)
38,CAR(26:1),CAR(26:1)
39,CAR(8:0),CAR(8:0)
40,CAR(8:1),CAR(8:1)
41,CAR(9:0),CAR(9:0)
42,SIL_CAR(10:0)-d9,SIL_CAR(10:0)-d9
43,SIL_CAR(12:0)-d9 ,SIL_CAR(12:0)-d9 
44,SIL_CAR(14:0)-d9,SIL_CAR(14:0)-d9
45,SIL_CAR(16:0)-d9,SIL_CAR(16:0)-d9
46,SIL_CAR(18:0)-d9 ,SIL_CAR(18:0)-d9 
47,SIL_CAR(18:1)-d9,SIL_CAR(18:1)-d9
48,SIL_CAR(18:2)-d9,SIL_CAR(18:2)-d9
49,SIL_CAR(24:0)-d4,SIL_CAR(24:0)-d4
50,SIL_CAR(8:0)-d9,SIL_CAR(8:0)-d9
51,CE(14:0),CE(14:0)
52,CE(15:0),CE(15:0)
53,CE(16:0),CE(16:0)
54,CE(16:1),CE(16:1)
55,CE(17:0),CE(17:0)
56,CE(17:1),CE(17:1)
57,CE(18:0),CE(18:0)
58,CE(18:1),CE(18:1)
59,CE(18:2),CE(18:2)
60,CE(18:3),CE(18:3)
61,CE(20:0),CE(20:0)
62,CE(20:1),CE(20:1)
63,CE(20:2),CE(20:2)
64,CE(20:3),CE(20:3)
65,CE(20:4),CE(20:4)
66,CE(20:5),CE(20:5)
67,CE(22:0),CE(22:0)
68,CE(22:1),CE(22:1)
69,CE(22:2),CE(22:2)
70,CE(22:4),CE(22:4)
71,CE(22:5),CE(22:5)
72,CE(22:6),CE(22:6)
73,CE(24:0),CE(24:0)
74,CE(24:1),CE(24:1)
75,CE(24:4),CE(24:4)
76,CE(24:5),CE(24:5)
77,CE(24:6),CE(24:6)
78,SIL_14:1 cholesteryl-d7 ester,SIL_CE(14:1)_d7
79,SIL_16:1 cholesteryl-d7 ester,SIL_CE(16:1)_d7
80,SIL_18:1 cholesteryl-d7 ester,SIL_CE(18:1)_d7
81,SIL_20:3 cholesteryl-d7 ester,SIL_CE(20:3)_d7
82,SIL_22:4 cholesteryl-d7 ester,SIL_CE(22:4)_d7
83,CER(14:0),Cer(d18:1/14:0)
84,CER(16:0),Cer(d18:1/16:0)
85,CER(18:0),Cer(d18:1/18:0)
86,CER(18:1),Cer(d18:1/18:1)
87,CER(20:0),Cer(d18:1/20:0)
88,CER(20:1),Cer(d18:1/20:1)
89,CER(22:0),Cer(d18:1/22:0)
90,CER(22:1),Cer(d18:1/22:1)
91,CER(24:0),Cer(d18:1/24:0)
92,CER(24:1),Cer(d18:1/24:1)
93,CER(26:0),Cer(d18:1/26:0)
94,CER(26:1),Cer(d18:1/26:1)
95,SIL_C15 Ceramide-d7 (d18:1-d7/15:0),SIL_Cer(d18:1-d7/15:0)_d7
96,SIL_C16:1 Ceramide-d7 (d18:1-d7/16:1),SIL_Cer(d18:1-d7/16:1)_d7
97,SIL_C18:1 Ceramide-d7 (d18:1-d7/18:1),SIL_Cer(d18:1-d7/18:1)_d7
98,SIL_C20:1 Ceramide-d7 (d18:1-d7/20:1),SIL_Cer(d18:1-d7/20:1)_d7
99,SIL_C22:1 Ceramide-d7 (d18:1-d7/22:1),SIL_Cer(d18:1-d7/22:1)_d7
100,SIL_C24:1 Ceramide-d7 (d18:1-d7/24:1),SIL_Cer(d18:1-d7/24:1)_d7
101,CL(16:0_16:0_16:0_16:0),CL(16:0_16:0_16:0_16:0)
102,CL(16:0_16:0_16:0_18:0),CL(16:0_16:0_16:0_18:0)
103,CL(16:0_16:0_16:0_18:1),CL(16:0_16:0_16:0_18:1)
104,CL(16:0_16:0_16:0_18:2),CL(16:0_16:0_16:0_18:2)
105,CL(16:0_16:0_16:0_20:0),CL(16:0_16:0_16:0_20:0)
106,CL(16:0_16:0_16:0_20:4),CL(16:0_16:0_16:0_20:4)
107,CL(16:0_16:0_18:0_18:0),CL(16:0_16:0_18:0_18:0)
108,CL(16:0_16:0_18:0_18:1),CL(16:0_16:0_18:0_18:1)
109,CL(16:0_16:0_18:0_18:2),CL(16:0_16:0_18:0_18:2)
110,CL(16:0_16:0_18:0_20:4),CL(16:0_16:0_18:0_20:4)
111,CL(16:0_16:0_18:1_18:1),CL(16:0_16:0_18:1_18:1)
112,CL(16:0_16:0_18:1_18:2),CL(16:0_16:0_18:1_18:2)
113,CL(16:0_16:0_18:1_20:0),CL(16:0_16:0_18:1_20:0)
114,CL(16:0_16:0_18:1_20:4),CL(16:0_16:0_18:1_20:4)
115,CL(16:0_16:0_18:2_18:2),CL(16:0_16:0_18:2_18:2)
116,CL(16:0_16:0_18:2_20:0),CL(16:0_16:0_18:2_20:0)
117,CL(16:0_16:0_18:2_20:4),CL(16:0_16:0_18:2_20:4)
118,CL(16:0_16:0_20:0_20:0),CL(16:0_16:0_20:0_20:0)
119,CL(16:0_16:0_20:0_20:4),CL(16:0_16:0_20:0_20:4)
120,CL(16:0_16:0_20:4_20:4),CL(16:0_16:0_20:4_20:4)
121,CL(16:0_18:0_18:0_18:0),CL(16:0_18:0_18:0_18:0)
122,CL(16:0_18:0_18:0_18:1),CL(16:0_18:0_18:0_18:1)
123,CL(16:0_18:0_18:0_18:2),CL(16:0_18:0_18:0_18:2)
124,CL(16:0_18:0_18:1_18:1),CL(16:0_18:0_18:1_18:1)
125,CL(16:0_18:0_18:1_18:2),CL(16:0_18:0_18:1_18:2)
126,CL(16:0_18:0_18:1_20:0),CL(16:0_18:0_18:1_20:0)
127,CL(16:0_18:0_18:1_20:4),CL(16:0_18:0_18:1_20:4)
128,CL(16:0_18:0_18:2_18:2),CL(16:0_18:0_18:2_18:2)
129,CL(16:0_18:0_18:2_20:0),CL(16:0_18:0_18:2_20:0)
130,CL(16:0_18:0_18:2_20:4),CL(16:0_18:0_18:2_20:4)
131,CL(16:0_18:0_20:0_20:0),CL(16:0_18:0_20:0_20:0)
132,CL(16:0_18:0_20:4_20:4),CL(16:0_18:0_20:4_20:4)
133,CL(16:0_18:1_18:1_18:1),CL(16:0_18:1_18:1_18:1)
134,CL(16:0_18:1_18:2_18:2),CL(16:0_18:1_18:2_18:2)
135,CL(16:0_18:1_18:2_20:0),CL(16:0_18:1_18:2_20:0)
136,CL(16:0_18:1_18:2_20:4),CL(16:0_18:1_18:2_20:4)
137,CL(16:0_18:1_20:0_20:0),CL(16:0_18:1_20:0_20:0)
138,CL(16:0_18:1_20:4_20:4),CL(16:0_18:1_20:4_20:4)
139,CL(16:0_18:2_18:2_18:2),CL(16:0_18:2_18:2_18:2)
140,CL(16:0_18:2_18:2_20:0),CL(16:0_18:2_18:2_20:0)
141,CL(16:0_18:2_20:0_20:0),CL(16:0_18:2_20:0_20:0)
142,CL(16:0_18:2_20:0_20:4),CL(16:0_18:2_20:0_20:4)
143,CL(16:0_18:2_20:4_20:4),CL(16:0_18:2_20:4_20:4)
144,CL(16:0_20:0_20:0_20:0),CL(16:0_20:0_20:0_20:0)
145,CL(16:0_20:0_20:0_20:4),CL(16:0_20:0_20:0_20:4)
146,CL(16:0_20:0_20:4_20:4),CL(16:0_20:0_20:4_20:4)
147,CL(16:0_20:4_20:4_20:4),CL(16:0_20:4_20:4_20:4)
148,CL(18:0_18:0_18:0_18:0),CL(18:0_18:0_18:0_18:0)
149,CL(18:0_18:0_18:0_18:1),CL(18:0_18:0_18:0_18:1)
150,CL(18:0_18:0_18:0_18:2),CL(18:0_18:0_18:0_18:2)
151,CL(18:0_18:0_18:1_18:1),CL(18:0_18:0_18:1_18:1)
152,CL(18:0_18:0_18:1_18:2),CL(18:0_18:0_18:1_18:2)
153,CL(18:0_18:0_18:2_18:2),CL(18:0_18:0_18:2_18:2)
154,CL(18:0_18:1_18:1_18:1),CL(18:0_18:1_18:1_18:1)
155,CL(18:0_18:1_18:2_18:2),CL(18:0_18:1_18:2_18:2)
156,CL(18:0_18:1_18:2_20:4),CL(18:0_18:1_18:2_20:4)
157,CL(18:0_18:1_20:0_20:0),CL(18:0_18:1_20:0_20:0)
158,CL(18:0_18:1_20:0_20:4),CL(18:0_18:1_20:0_20:4)
159,CL(18:0_18:1_20:4_20:4),CL(18:0_18:1_20:4_20:4)
160,CL(18:0_18:2_18:2_18:2),CL(18:0_18:2_18:2_18:2)
161,CL(18:0_18:2_18:2_20:0),CL(18:0_18:2_18:2_20:0)
162,CL(18:0_18:2_20:0_20:0),CL(18:0_18:2_20:0_20:0)
163,CL(18:0_18:2_20:0_20:4),CL(18:0_18:2_20:0_20:4)
164,CL(18:0_18:2_20:4_20:4),CL(18:0_18:2_20:4_20:4)
165,CL(18:0_20:0_20:0_20:0),CL(18:0_20:0_20:0_20:0)
166,CL(18:0_20:0_20:4_20:4),CL(18:0_20:0_20:4_20:4)
167,CL(18:0_20:4_20:4_20:4),CL(18:0_20:4_20:4_20:4)
168,CL(18:1_18:1_18:1_18:1),CL(18:1_18:1_18:1_18:1)
169,CL(18:1_18:1_18:1_20:0),CL(18:1_18:1_18:1_20:0)
170,CL(18:1_18:2_18:2_18:2),CL(18:1_18:2_18:2_18:2)
171,CL(18:1_18:2_18:2_20:0),CL(18:1_18:2_18:2_20:0)
172,CL(18:1_18:2_20:0_20:0),CL(18:1_18:2_20:0_20:0)
173,CL(18:1_18:2_20:0_20:4),CL(18:1_18:2_20:0_20:4)
174,CL(18:1_18:2_20:4_20:4),CL(18:1_18:2_20:4_20:4)
175,CL(18:1_20:0_20:0_20:0),CL(18:1_20:0_20:0_20:0)
176,CL(18:1_20:0_20:0_20:4),CL(18:1_20:0_20:0_20:4)
177,CL(18:1_20:0_20:4_20:4),CL(18:1_20:0_20:4_20:4)
178,CL(18:1_20:4_20:4_20:4),CL(18:1_20:4_20:4_20:4)
179,CL(18:2_18:2_18:2_18:2),CL(18:2_18:2_18:2_18:2)
180,CL(18:2_18:2_18:2_20:0),CL(18:2_18:2_18:2_20:0)
181,CL(18:2_18:2_20:0_20:0),CL(18:2_18:2_20:0_20:0)
182,CL(18:2_20:0_20:0_20:4),CL(18:2_20:0_20:0_20:4)
183,CL(18:2_20:0_20:4_20:4),CL(18:2_20:0_20:4_20:4)
184,CL(18:2_20:4_20:4_20:4),CL(18:2_20:4_20:4_20:4)
185,CL(20:0_20:0_20:0_20:0),CL(20:0_20:0_20:0_20:0)
186,CL(20:0_20:0_20:0_20:4),CL(20:0_20:0_20:0_20:4)
187,CL(20:0_20:0_20:4_20:4),CL(20:0_20:0_20:4_20:4)
188,CL(20:0_20:4_20:4_20:4),CL(20:0_20:4_20:4_20:4)
189,CL(20:4_20:4_20:4_20:4),CL(20:4_20:4_20:4_20:4)
190,SIL_CL(14:1_24:1_24:1_24:1),SIL_CL(14:1_24:1_24:1_24:1)
191,SIL_CL(15:0_15:0_15:0_16:1),SIL_CL(15:0_15:0_15:0_16:1)
192,DAG(14:0_14:0),DG(14:0_14:0)
193,DAG(14:0_15:0),DG(14:0_15:0)
194,DAG(14:0_16:0),DG(14:0_16:0)
195,DAG(14:0_16:1),DG(14:0_16:1)
196,DAG(14:0_17:0),DG(14:0_17:0)
197,DAG(14:0_18:0),DG(14:0_18:0)
198,DAG(14:0_18:1),DG(14:0_18:1)
199,DAG(14:0_18:2),DG(14:0_18:2)
200,DAG(14:0_18:3),DG(14:0_18:3)
201,DAG(14:0_19:0),DG(14:0_19:0)
202,DAG(14:0_20:0),DG(14:0_20:0)
203,DAG(14:0_20:2),DG(14:0_20:2)
204,DAG(14:0_20:3),DG(14:0_20:3)
205,DAG(14:0_20:4),DG(14:0_20:4)
206,DAG(14:0_20:5),DG(14:0_20:5)
207,DAG(14:0_22:4),DG(14:0_22:4)
208,DAG(14:0_22:5),DG(14:0_22:5)
209,DAG(14:0_22:6),DG(14:0_22:6)
210,DAG(15:0_15:0),DG(15:0_15:0)
211,DAG(15:0_16:0),DG(15:0_16:0)
212,DAG(15:0_16:1),DG(15:0_16:1)
213,DAG(15:0_17:0),DG(15:0_17:0)
214,DAG(15:0_18:0),DG(15:0_18:0)
215,DAG(15:0_18:1),DG(15:0_18:1)
216,DAG(15:0_18:2),DG(15:0_18:2)
217,DAG(15:0_18:3),DG(15:0_18:3)
218,DAG(15:0_19:0),DG(15:0_19:0)
219,DAG(15:0_20:0),DG(15:0_20:0)
220,DAG(15:0_20:1),DG(15:0_20:1)
221,DAG(15:0_20:2),DG(15:0_20:2)
222,DAG(15:0_20:3),DG(15:0_20:3)
223,DAG(15:0_20:4),DG(15:0_20:4)
224,DAG(15:0_20:5),DG(15:0_20:5)
225,DAG(15:0_22:4),DG(15:0_22:4)
226,DAG(15:0_22:5),DG(15:0_22:5)
227,DAG(15:0_22:6),DG(15:0_22:6)
228,DAG(16:0_16:0),DG(16:0_16:0)
229,DAG(16:0_16:1),DG(16:0_16:1)
230,DAG(16:0_17:0),DG(16:0_17:0)
231,DAG(16:0_18:0),DG(16:0_18:0)
232,DAG(16:0_18:1),DG(16:0_18:1)
233,DAG(16:0_18:2),DG(16:0_18:2)
234,DAG(16:0_18:3),DG(16:0_18:3)
235,DAG(16:0_19:0),DG(16:0_19:0)
236,DAG(16:0_20:0),DG(16:0_20:0)
237,DAG(16:0_20:1),DG(16:0_20:1)
238,DAG(16:0_20:2),DG(16:0_20:2)
239,DAG(16:0_20:3),DG(16:0_20:3)
240,DAG(16:0_20:4),DG(16:0_20:4)
241,DAG(16:0_20:5),DG(16:0_20:5)
242,DAG(16:0_22:4),DG(16:0_22:4)
243,DAG(16:0_22:5),DG(16:0_22:5)
244,DAG(16:0_22:6),DG(16:0_22:6)
245,DAG(16:1_16:1),DG(16:1_16:1)
246,DAG(16:1_18:0),DG(16:1_18:0)
247,DAG(16:1_18:1),DG(16:1_18:1)
248,DAG(16:1_18:2),DG(16:1_18:2)
249,DAG(16:1_18:3),DG(16:1_18:3)
250,DAG(16:1_19:0),DG(16:1_19:0)
251,DAG(16:1_20:0),DG(16:1_20:0)
252,DAG(16:1_20:1),DG(16:1_20:1)
253,DAG(16:1_20:2),DG(16:1_20:2)
254,DAG(16:1_20:3),DG(16:1_20:3)
255,DAG(16:1_20:4),DG(16:1_20:4)
256,DAG(16:1_20:5),DG(16:1_20:5)
257,DAG(16:1_22:5),DG(16:1_22:5)
258,DAG(16:1_22:6),DG(16:1_22:6)
259,DAG(17:0_17:0),DG(17:0_17:0)
260,DAG(17:0_18:0),DG(17:0_18:0)
261,DAG(17:0_18:1),DG(17:0_18:1)
262,DAG(17:0_18:2),DG(17:0_18:2)
263,DAG(17:0_18:3),DG(17:0_18:3)
264,DAG(17:0_19:0),DG(17:0_19:0)
265,DAG(17:0_20:0),DG(17:0_20:0)
266,DAG(17:0_20:1),DG(17:0_20:1)
267,DAG(17:0_20:2),DG(17:0_20:2)
268,DAG(17:0_20:3),DG(17:0_20:3)
269,DAG(17:0_20:4),DG(17:0_20:4)
270,DAG(17:0_20:5),DG(17:0_20:5)
271,DAG(17:0_22:4),DG(17:0_22:4)
272,DAG(17:0_22:5),DG(17:0_22:5)
273,DAG(17:0_22:6),DG(17:0_22:6)
274,DAG(18:0_18:0),DG(18:0_18:0)
275,DAG(18:0_18:1),DG(18:0_18:1)
276,DAG(18:0_18:2),DG(18:0_18:2)
277,DAG(18:0_18:3),DG(18:0_18:3)
278,DAG(18:0_19:0),DG(18:0_19:0)
279,DAG(18:0_20:0),DG(18:0_20:0)
280,DAG(18:0_20:1),DG(18:0_20:1)
281,DAG(18:0_20:2),DG(18:0_20:2)
282,DAG(18:0_20:3),DG(18:0_20:3)
283,DAG(18:0_20:4),DG(18:0_20:4)
284,DAG(18:0_20:5),DG(18:0_20:5)
285,DAG(18:0_22:4),DG(18:0_22:4)
286,DAG(18:0_22:5),DG(18:0_22:5)
287,DAG(18:0_22:6),DG(18:0_22:6)
288,DAG(18:1_18:1),DG(18:1_18:1)
289,DAG(18:1_18:2),DG(18:1_18:2)
290,DAG(18:1_18:3),DG(18:1_18:3)
291,DAG(18:1_19:0),DG(18:1_19:0)
292,DAG(18:1_20:0),DG(18:1_20:0)
293,DAG(18:1_20:1),DG(18:1_20:1)
294,DAG(18:1_20:2),DG(18:1_20:2)
295,DAG(18:1_20:3),DG(18:1_20:3)
296,DAG(18:1_20:4),DG(18:1_20:4)
297,DAG(18:1_20:5),DG(18:1_20:5)
298,DAG(18:1_22:4),DG(18:1_22:4)
299,DAG(18:1_22:5),DG(18:1_22:5)
300,DAG(18:1_22:6),DG(18:1_22:6)
301,DAG(18:2_18:2),DG(18:2_18:2)
302,DAG(18:2_18:3),DG(18:2_18:3)
303,DAG(18:2_19:0),DG(18:2_19:0)
304,DAG(18:2_20:0),DG(18:2_20:0)
305,DAG(18:2_20:1),DG(18:2_20:1)
306,DAG(18:2_20:2),DG(18:2_20:2)
307,DAG(18:2_20:3),DG(18:2_20:3)
308,DAG(18:2_20:4),DG(18:2_20:4)
309,DAG(18:2_20:5),DG(18:2_20:5)
310,DAG(18:2_22:4),DG(18:2_22:4)
311,DAG(18:2_22:5),DG(18:2_22:5)
312,DAG(18:2_22:6),DG(18:2_22:6)
313,DAG(18:3_19:0),DG(18:3_19:0)
314,DAG(18:3_20:0),DG(18:3_20:0)
315,DAG(18:3_20:1),DG(18:3_20:1)
316,DAG(18:3_20:2),DG(18:3_20:2)
317,DAG(18:3_20:3),DG(18:3_20:3)
318,DAG(18:3_20:4),DG(18:3_20:4)
319,DAG(18:3_20:5),DG(18:3_20:5)
320,DAG(18:3_22:4),DG(18:3_22:4)
321,DAG(18:3_22:5),DG(18:3_22:5)
322,DAG(18:3_22:6),DG(18:3_22:6)
323,DAG(19:0_19:0),DG(19:0_19:0)
324,DAG(19:0_20:1),DG(19:0_20:1)
325,DAG(19:0_20:2),DG(19:0_20:2)
326,DAG(19:0_20:3),DG(19:0_20:3)
327,DAG(19:0_22:4),DG(19:0_22:4)
328,DAG(19:0_22:5),DG(19:0_22:5)
329,DAG(19:0_22:6),DG(19:0_22:6)
330,DAG(20:0_20:0),DG(20:0_20:0)
331,DAG(20:0_20:1),DG(20:0_20:1)
332,DAG(20:0_20:2),DG(20:0_20:2)
333,DAG(20:0_20:3),DG(20:0_20:3)
334,DAG(20:0_20:5),DG(20:0_20:5)
335,DAG(20:0_22:4),DG(20:0_22:4)
336,DAG(20:0_22:5),DG(20:0_22:5)
337,DAG(20:0_22:6),DG(20:0_22:6)
338,DAG(20:1_20:1),DG(20:1_20:1)
339,DAG(20:1_20:2),DG(20:1_20:2)
340,DAG(20:1_20:3),DG(20:1_20:3)
341,DAG(20:1_20:4),DG(20:1_20:4)
342,DAG(20:1_20:5),DG(20:1_20:5)
343,DAG(20:1_22:4),DG(20:1_22:4)
344,DAG(20:1_22:5),DG(20:1_22:5)
345,DAG(20:1_22:6),DG(20:1_22:6)
346,DAG(20:2_20:2),DG(20:2_20:2)
347,DAG(20:2_20:3),DG(20:2_20:3)
348,DAG(20:2_20:4),DG(20:2_20:4)
349,DAG(20:2_20:5),DG(20:2_20:5)
350,DAG(20:2_22:4),DG(20:2_22:4)
351,DAG(20:2_22:5),DG(20:2_22:5)
352,DAG(20:2_22:6),DG(20:2_22:6)
353,DAG(20:3_20:3),DG(20:3_20:3)
354,DAG(20:3_20:4),DG(20:3_20:4)
355,DAG(20:3_20:5),DG(20:3_20:5)
356,DAG(20:3_22:4),DG(20:3_22:4)
357,DAG(20:3_22:5),DG(20:3_22:5)
358,DAG(20:3_22:6),DG(20:3_22:6)
359,DAG(20:4_20:4),DG(20:4_20:4)
360,DAG(20:4_20:5),DG(20:4_20:5)
361,DAG(20:4_22:4),DG(20:4_22:4)
362,DAG(20:4_22:5),DG(20:4_22:5)
363,DAG(20:4_22:6),DG(20:4_22:6)
364,DAG(20:5_20:5),DG(20:5_20:5)
365,DAG(20:5_22:4),DG(20:5_22:4)
366,DAG(20:5_22:5),DG(20:5_22:5)
367,DAG(22:2_22:4),DG(22:2_22:4)
368,DAG(22:2_22:5),DG(22:2_22:5)
369,DAG(22:2_22:6),DG(22:2_22:6)
370,DAG(22:4_22:4),DG(22:4_22:4)
371,DAG(22:4_22:5),DG(22:4_22:5)
372,DAG(22:4_22:6),DG(22:4_22:6)
373,DAG(22:5_22:5),DG(22:5_22:5)
374,DAG(22:5_22:6),DG(22:5_22:6)
375,DAG(22:6_22:6),DG(22:6_22:6)
376,SIL_17:0-14:1 DG-d5,SIL_17:0-14:1 DG-d5
377,SIL_17:0-16:1 DG-d5,SIL_17:0-16:1 DG-d5
378,SIL_17:0-18:1 DG-d5,SIL_17:0-18:1 DG-d5
379,SIL_17:0-20:3 DG-d5,SIL_17:0-20:3 DG-d5
380,SIL_17:0-22:4 DG-d5,SIL_17:0-22:4 DG-d5
381,DCER(14:0),DhCer(d18:0/14:0)
382,DCER(16:0),DhCer(d18:0/16:0)
383,DCER(18:0),DhCer(d18:0/18:0)
384,DCER(18:1),DhCer(d18:0/18:1)
385,DCER(20:0),DhCer(d18:0/20:0)
386,DCER(20:1),DhCer(d18:0/20:1)
387,DCER(22:0),DhCer(d18:0/22:0)
388,DCER(22:1),DhCer(d18:0/22:1)
389,DCER(24:0),DhCer(d18:0/24:0)
390,DCER(24:1),DhCer(d18:0/24:1)
391,DCER(26:0),DhCer(d18:0/26:0)
392,DCER(26:1),DhCer(d18:0/26:1)
393,SIL_C13 Dihydroceramide-d7 (d18:0-D7/13:0),SIL_DhCer(d18:0-d7/13:0)_d7
394,FFA(14:0),FA(14:0)
395,FFA(14:1),FA(14:1)
396,FFA(16:0),FA(16:0)
397,FFA(16:1),FA(16:1)
398,FFA(16:2),FA(16:2)
399,FFA(17:0),FA(17:0)
400,FFA(17:1),FA(17:1)
401,FFA(18:0),FA(18:0)
402,FFA(18:1),FA(18:1)
403,FFA(18:2),FA(18:2)
404,FFA(18:3),FA(18:3)
405,FFA(19:0),FA(19:0)
406,FFA(20:0),FA(20:0)
407,FFA(20:1),FA(20:1)
408,FFA(20:2),FA(20:2)
409,FFA(20:3),FA(20:3)
410,FFA(20:4),FA(20:4)
411,FFA(20:5),FA(20:5)
412,FFA(22:4),FA(22:4)
413,FFA(22:5),FA(22:5)
414,FFA(22:6),FA(22:6)
415,FFA(24:0),FA(24:0)
416,FFA(24:1),FA(24:1)
417,SIL_Stearic Acid-d4,SIL_FA(18:0)_d4
418,SIL_Oleic Acid-d9,SIL_FA(18:1(9Z))_d9
419,SIL_Linoleic Acid-d11,"SIL_FA(18:2(9Z,12Z))_d11"
420,SIL_Arachidonic Acid-d5,"SIL_FA(20:4(5Z,8Z,11Z,14Z))_d5"
421,SIL_Palmitic Acid-d5,SIL_FA(16:0)_d5
422,HCER(14:0),HexCer(d18:1/14:0)
423,HCER(16:0),HexCer(d18:1/16:0)
424,HCER(18:0),HexCer(d18:1/18:0)
425,HCER(18:1),HexCer(d18:1/18:1)
426,HCER(20:0),HexCer(d18:1/20:0)
427,HCER(20:1),HexCer(d18:1/20:1)
428,HCER(22:0),HexCer(d18:1/22:0)
429,HCER(22:1),HexCer(d18:1/22:1)
430,HCER(24:0),HexCer(d18:1/24:0)
431,HCER(24:1),HexCer(d18:1/24:1)
432,HCER(26:0),HexCer(d18:1/26:0)
433,HCER(26:1),HexCer(d18:1/26:1)
434,SIL_C15 Glucosyl(?) Ceramide-D7 (d18:1-D7/15:0),SIL_HexCer(d18:1-d7/15:0)_d7
435,LCER(14:0),LacCer(d18:1/14:0)
436,LCER(16:0),LacCer(d18:1/16:0)
437,LCER(18:0),LacCer(d18:1/18:0)
438,LCER(18:1),LacCer(d18:1/18:1)
439,LCER(20:0),LacCer(d18:1/20:0)
440,LCER(20:1),LacCer(d18:1/20:1)
441,LCER(22:0),LacCer(d18:1/22:0)
442,LCER(22:1),LacCer(d18:1/22:1)
443,LCER(24:0),LacCer(d18:1/24:0)
444,LCER(24:1),LacCer(d18:1/24:1)
445,LCER(26:0),LacCer(d18:1/26:0)
446,LCER(26:1),LacCer(d18:1/26:1)
447,SIL_C15 Lactosyl(?) Ceramide-D7 (d18:1-D7/15:0),SIL_LacCer(d18:1-d7/15:0)_d7
448,LPA(12:0),LPA(12:0)
449,LPA(13:0),LPA(13:0)
450,LPA(14:0),LPA(14:0)
451,LPA(16:0),LPA(16:0)
452,LPA(16:1),LPA(16:1)
453,LPA(17:1),LPA(17:1)
454,LPA(18:0),LPA(18:0)
455,LPA(18:1),LPA(18:1)
456,LPA(18:2),LPA(18:2)
457,LPA(20:0),LPA(20:0)
458,LPA(20:4),LPA(20:4)
459,LPA(21:0),LPA(21:0)
460,LPA(21:2),LPA(21:2)
461,LPA(21:4),LPA(21:4)
462,LPA(22:4),LPA(22:4)
463,LPA(22:6),LPA(22:6)
464,SIL_LPA(16:0)-d9,SIL_LPA(16:0)-d9
465,LPC(14:0),LPC(14:0)
466,LPC(16:0),LPC(16:0)
467,LPC(16:1),LPC(16:1)
468,LPC(18:0),LPC(18:0)
469,LPC(18:1),LPC(18:1)
470,LPC(18:2),LPC(18:2)
471,LPC(18:3),LPC(18:3)
472,LPC(20:0),LPC(20:0)
473,LPC(20:1),LPC(20:1)
474,LPC(20:2),LPC(20:2)
475,LPC(20:3),LPC(20:3)
476,LPC(20:4),LPC(20:4)
477,LPC(20:5),LPC(20:5)
478,LPC(22:4),LPC(22:4)
479,LPC(22:5),LPC(22:5)
480,LPC(22:6),LPC(22:6)
481,SIL_LPC(19:0)-d5,SIL_LPC(19:0)-d5
482,LPE(14:0),LPE(14:0)
483,LPE(15:0),LPE(15:0)
484,LPE(16:0),LPE(16:0)
485,LPE(16:1),LPE(16:1)
486,LPE(17:0),LPE(17:0)
487,LPE(18:0),LPE(18:0)
488,LPE(18:1),LPE(18:1)
489,LPE(18:2),LPE(18:2)
490,LPE(18:3),LPE(18:3)
491,LPE(19:0),LPE(19:0)
492,LPE(20:0),LPE(20:0)
493,LPE(20:1),LPE(20:1)
494,LPE(20:2),LPE(20:2)
495,LPE(20:3),LPE(20:3)
496,LPE(20:4),LPE(20:4)
497,LPE(20:5),LPE(20:5)
498,LPE(22:4),LPE(22:4)
499,LPE(22:5),LPE(22:5)
500,LPE(22:6),LPE(22:6)
501,SIL_LPE(19:0)-d5,SIL_LPE(19:0)-d5
502,LPG(14:0),LPG(14:0)
503,LPG(15:0),LPG(15:0)
504,LPG(16:0),LPG(16:0)
505,LPG(16:1),LPG(16:1)
506,LPG(17:0),LPG(17:0)
507,LPG(18:0),LPG(18:0)
508,LPG(18:1),LPG(18:1)
509,LPG(18:2),LPG(18:2)
510,LPG(18:3),LPG(18:3)
511,LPG(19:0),LPG(19:0)
512,LPG(20:0),LPG(20:0)
513,LPG(20:1),LPG(20:1)
514,LPG(20:2),LPG(20:2)
515,LPG(20:3),LPG(20:3)
516,LPG(20:4),LPG(20:4)
517,LPG(20:5),LPG(20:5)
518,LPG(22:4),LPG(22:4)
519,LPG(22:5),LPG(22:5)
520,LPG(22:6),LPG(22:6)
521,SIL_LPG(19:0)-d5,SIL_LPG(19:0)-d5
522,LPI(14:0),LPI(14:0)
523,LPI(15:0),LPI(15:0)
524,LPI(16:0),LPI(16:0)
525,LPI(16:1),LPI(16:1)
526,LPI(17:0),LPI(17:0)
527,LPI(18:0),LPI(18:0)
528,LPI(18:1),LPI(18:1)
529,LPI(18:2),LPI(18:2)
530,LPI(18:3),LPI(18:3)
531,LPI(19:0),LPI(19:0)
532,LPI(20:0),LPI(20:0)
533,LPI(20:1),LPI(20:1)
534,LPI(20:2),LPI(20:2)
535,LPI(20:3),LPI(20:3)
536,LPI(20:4),LPI(20:4)
537,LPI(20:5),LPI(20:5)
538,LPI(22:4),LPI(22:4)
539,LPI(22:5),LPI(22:5)
540,LPI(22:6),LPI(22:6)
541,SIL_LPI(19:0)-d5,SIL_LPI(19:0)-d5
542,LPS(14:0),LPS(14:0)
543,LPS(15:0),LPS(15:0)
544,LPS(16:0),LPS(16:0)
545,LPS(16:1),LPS(16:1)
546,LPS(17:0),LPS(17:0)
547,LPS(18:0),LPS(18:0)
548,LPS(18:1),LPS(18:1)
549,LPS(18:2),LPS(18:2)
550,LPS(19:0),LPS(19:0)
551,LPS(20:0),LPS(20:0)
552,LPS(20:1),LPS(20:1)
553,LPS(20:2),LPS(20:2)
554,LPS(20:3),LPS(20:3)
555,LPS(20:4),LPS(20:4)
556,LPS(22:4),LPS(22:4)
557,LPS(22:6),LPS(22:6)
558,SIL_LPS(19:0)-d5,SIL_LPS(19:0)-d5
559,MAG(14:0),MG(14:0)
560,MAG(16:0),MG(16:0)
561,MAG(16:1),MG(16:1)
562,MAG(18:0),MG(18:0)
563,MAG(18:1),MG(18:1)
564,MAG(18:2),MG(18:2)
565,MAG(18:3),MG(18:3)
566,MAG(20:0),MG(20:0)
567,MAG(20:1),MG(20:1)
568,MAG(20:2),MG(20:2)
569,MAG(20:3),MG(20:3)
570,MAG(20:4),MG(20:4)
571,MAG(22:0),MG(22:0)
572,MAG(22:1),MG(22:1)
573,MAG(22:2),MG(22:2)
574,MAG(22:3),MG(22:3)
575,MAG(22:4),MG(22:4)
576,MAG(22:5),MG(22:5)
577,MAG(22:6),MG(22:6)
578,SIL_MAG(18:1)-d7,SIL_MG(18:1)-d7
579,PA(14:0_14:0),PA(14:0_14:0)
580,PA(14:0_15:0),PA(14:0_15:0)
581,PA(14:0_16:0),PA(14:0_16:0)
582,PA(14:0_16:1),PA(14:0_16:1)
583,PA(14:0_17:0),PA(14:0_17:0)
584,PA(14:0_18:0),PA(14:0_18:0)
585,PA(14:0_18:1),PA(14:0_18:1)
586,PA(14:0_18:2),PA(14:0_18:2)
587,PA(14:0_18:3),PA(14:0_18:3)
588,PA(14:0_20:1),PA(14:0_20:1)
589,PA(14:0_20:2),PA(14:0_20:2)
590,PA(14:0_20:5),PA(14:0_20:5)
591,PA(14:0_22:4),PA(14:0_22:4)
592,PA(15:0_15:0),PA(15:0_15:0)
593,PA(15:0_16:0),PA(15:0_16:0)
594,PA(15:0_16:1),PA(15:0_16:1)
595,PA(15:0_17:0),PA(15:0_17:0)
596,PA(15:0_18:0),PA(15:0_18:0)
597,PA(15:0_18:1),PA(15:0_18:1)
598,PA(15:0_18:2),PA(15:0_18:2)
599,PA(15:0_18:3),PA(15:0_18:3)
600,PA(15:0_19:0),PA(15:0_19:0)
601,PA(15:0_20:0),PA(15:0_20:0)
602,PA(15:0_20:1),PA(15:0_20:1)
603,PA(15:0_20:2),PA(15:0_20:2)
604,PA(15:0_20:3),PA(15:0_20:3)
605,PA(15:0_20:4),PA(15:0_20:4)
606,PA(16:0_16:0),PA(16:0_16:0)
607,PA(16:0_16:1),PA(16:0_16:1)
608,PA(16:0_17:0),PA(16:0_17:0)
609,PA(16:0_18:0),PA(16:0_18:0)
610,PA(16:0_18:1),PA(16:0_18:1)
611,PA(16:0_18:2),PA(16:0_18:2)
612,PA(16:0_18:3),PA(16:0_18:3)
613,PA(16:0_19:0),PA(16:0_19:0)
614,PA(16:0_20:0),PA(16:0_20:0)
615,PA(16:0_20:1),PA(16:0_20:1)
616,PA(16:0_20:2),PA(16:0_20:2)
617,PA(16:0_20:3),PA(16:0_20:3)
618,PA(16:0_20:4),PA(16:0_20:4)
619,PA(16:0_20:5),PA(16:0_20:5)
620,PA(16:0_22:4),PA(16:0_22:4)
621,PA(16:0_22:5),PA(16:0_22:5)
622,PA(16:0_22:6),PA(16:0_22:6)
623,PA(16:1_16:1),PA(16:1_16:1)
624,PA(16:1_18:0),PA(16:1_18:0)
625,PA(16:1_18:1),PA(16:1_18:1)
626,PA(16:1_18:2),PA(16:1_18:2)
627,PA(16:1_19:0),PA(16:1_19:0)
628,PA(16:1_20:0),PA(16:1_20:0)
629,PA(16:1_20:2),PA(16:1_20:2)
630,PA(16:1_20:3),PA(16:1_20:3)
631,PA(16:1_20:4),PA(16:1_20:4)
632,PA(16:1_20:5),PA(16:1_20:5)
633,PA(16:1_22:4),PA(16:1_22:4)
634,PA(16:1_22:6),PA(16:1_22:6)
635,PA(17:0_18:0),PA(17:0_18:0)
636,PA(17:0_18:1),PA(17:0_18:1)
637,PA(17:0_18:2),PA(17:0_18:2)
638,PA(17:0_18:3),PA(17:0_18:3)
639,PA(17:0_19:0),PA(17:0_19:0)
640,PA(17:0_20:1),PA(17:0_20:1)
641,PA(17:0_20:2),PA(17:0_20:2)
642,PA(17:0_20:3),PA(17:0_20:3)
643,PA(17:0_20:4),PA(17:0_20:4)
644,PA(17:0_22:4),PA(17:0_22:4)
645,PA(17:0_22:5),PA(17:0_22:5)
646,PA(17:0_22:6),PA(17:0_22:6)
647,PA(18:0_18:0),PA(18:0_18:0)
648,PA(18:0_18:1),PA(18:0_18:1)
649,PA(18:0_18:2),PA(18:0_18:2)
650,PA(18:0_18:3),PA(18:0_18:3)
651,PA(18:0_19:0),PA(18:0_19:0)
652,PA(18:0_20:0),PA(18:0_20:0)
653,PA(18:0_20:1),PA(18:0_20:1)
654,PA(18:0_20:2),PA(18:0_20:2)
655,PA(18:0_20:3),PA(18:0_20:3)
656,PA(18:0_20:4),PA(18:0_20:4)
657,PA(18:0_20:5),PA(18:0_20:5)
658,PA(18:0_22:4),PA(18:0_22:4)
659,PA(18:0_22:5),PA(18:0_22:5)
660,PA(18:0_22:6),PA(18:0_22:6)
661,PA(18:1_18:1),PA(18:1_18:1)
662,PA(18:1_18:2),PA(18:1_18:2)
663,PA(18:1_18:3),PA(18:1_18:3)
664,PA(18:1_19:0),PA(18:1_19:0)
665,PA(18:1_20:0),PA(18:1_20:0)
666,PA(18:1_20:1),PA(18:1_20:1)
667,PA(18:1_20:2),PA(18:1_20:2)
668,PA(18:1_20:3),PA(18:1_20:3)
669,PA(18:1_20:4),PA(18:1_20:4)
670,PA(18:1_20:5),PA(18:1_20:5)
671,PA(18:1_22:4),PA(18:1_22:4)
672,PA(18:1_22:5),PA(18:1_22:5)
673,PA(18:1_22:6),PA(18:1_22:6)
674,PA(18:2_18:2),PA(18:2_18:2)
675,PA(18:2_19:0),PA(18:2_19:0)
676,PA(18:2_20:0),PA(18:2_20:0)
677,PA(18:2_20:1),PA(18:2_20:1)
678,PA(18:2_20:2),PA(18:2_20:2)
679,PA(18:2_20:3),PA(18:2_20:3)
680,PA(18:2_20:4),PA(18:2_20:4)
681,PA(18:2_22:4),PA(18:2_22:4)
682,PA(18:2_22:6),PA(18:2_22:6)
683,PA(18:3_19:0),PA(18:3_19:0)
684,PA(18:3_20:0),PA(18:3_20:0)
685,PA(18:3_20:1),PA(18:3_20:1)
686,PA(18:3_20:4),PA(18:3_20:4)
687,PA(19:0_20:0),PA(19:0_20:0)
688,PA(19:0_20:1),PA(19:0_20:1)
689,PA(19:0_20:2),PA(19:0_20:2)
690,PA(19:0_20:3),PA(19:0_20:3)
691,PA(19:0_20:4),PA(19:0_20:4)
692,PA(19:0_20:5),PA(19:0_20:5)
693,PA(19:0_22:4),PA(19:0_22:4)
694,PA(19:0_22:5),PA(19:0_22:5)
695,PA(20:0_20:0),PA(20:0_20:0)
696,PA(20:0_20:1),PA(20:0_20:1)
697,PA(20:0_20:2),PA(20:0_20:2)
698,PA(20:0_20:3),PA(20:0_20:3)
699,PA(20:0_20:4),PA(20:0_20:4)
700,PA(20:0_20:5),PA(20:0_20:5)
701,PA(20:0_22:4),PA(20:0_22:4)
702,PA(20:0_22:5),PA(20:0_22:5)
703,PA(20:0_22:6),PA(20:0_22:6)
704,PA(20:1_20:1),PA(20:1_20:1)
705,PA(20:1_20:2),PA(20:1_20:2)
706,PA(20:1_20:3),PA(20:1_20:3)
707,PA(20:1_20:4),PA(20:1_20:4)
708,PA(20:1_20:5),PA(20:1_20:5)
709,PA(20:1_22:4),PA(20:1_22:4)
710,PA(20:1_22:5),PA(20:1_22:5)
711,PA(20:1_22:6),PA(20:1_22:6)
712,PA(20:2_20:2),PA(20:2_20:2)
713,PA(20:2_20:3),PA(20:2_20:3)
714,PA(20:2_20:4),PA(20:2_20:4)
715,PA(20:2_20:5),PA(20:2_20:5)
716,PA(20:2_22:4),PA(20:2_22:4)
717,PA(20:2_22:5),PA(20:2_22:5)
718,PA(20:2_22:6),PA(20:2_22:6)
719,PA(20:3_20:3),PA(20:3_20:3)
720,PA(20:3_20:4),PA(20:3_20:4)
721,PA(20:3_22:4),PA(20:3_22:4)
722,PA(20:3_22:5),PA(20:3_22:5)
723,PA(20:3_22:6),PA(20:3_22:6)
724,PA(20:4_20:4),PA(20:4_20:4)
725,PA(20:4_20:5),PA(20:4_20:5)
726,PA(20:4_22:4),PA(20:4_22:4)
727,PA(20:4_22:5),PA(20:4_22:5)
728,PA(20:5_20:5),PA(20:5_20:5)
729,PA(20:5_22:4),PA(20:5_22:4)
730,PA(20:5_22:5),PA(20:5_22:5)
731,PA(20:5_22:6),PA(20:5_22:6)
732,PA(22:4_22:4),PA(22:4_22:4)
733,PA(22:4_22:5),PA(22:4_22:5)
734,PA(22:4_22:6),PA(22:4_22:6)
735,PA(22:5_22:5),PA(22:5_22:5)
736,PA(22:5_22:6),PA(22:5_22:6)
737,PA(22:6_22:6),PA(22:6_22:6)
738,SIL_PA(15:0_18:1)-d7,SIL_PA(15:0_18:1)-d7
739,PC(14:0_14:0),PC(14:0_14:0)
740,PC(14:0_15:0),PC(14:0_15:0)
741,PC(14:0_16:0),PC(14:0_16:0)
742,PC(14:0_16:1),PC(14:0_16:1)
743,PC(14:0_17:0),PC(14:0_17:0)
744,PC(14:0_18:0),PC(14:0_18:0)
745,PC(14:0_18:1),PC(14:0_18:1)
746,PC(14:0_18:2),PC(14:0_18:2)
747,PC(14:0_18:3),PC(14:0_18:3)
748,PC(14:0_19:0),PC(14:0_19:0)
749,PC(14:0_20:0),PC(14:0_20:0)
750,PC(14:0_20:1),PC(14:0_20:1)
751,PC(14:0_20:2),PC(14:0_20:2)
752,PC(14:0_20:3),PC(14:0_20:3)
753,PC(14:0_20:4),PC(14:0_20:4)
754,PC(14:0_20:5),PC(14:0_20:5)
755,PC(14:0_22:4),PC(14:0_22:4)
756,PC(14:0_22:5),PC(14:0_22:5)
757,PC(14:0_22:6),PC(14:0_22:6)
758,PC(14:1_14:1),PC(14:1_14:1)
759,PC(15:0_15:0),PC(15:0_15:0)
760,PC(15:0_16:0),PC(15:0_16:0)
761,PC(15:0_16:1),PC(15:0_16:1)
762,PC(15:0_17:0),PC(15:0_17:0)
763,PC(15:0_18:0),PC(15:0_18:0)
764,PC(15:0_18:1),PC(15:0_18:1)
765,PC(15:0_18:2),PC(15:0_18:2)
766,PC(15:0_18:3),PC(15:0_18:3)
767,PC(15:0_19:0),PC(15:0_19:0)
768,PC(15:0_20:0),PC(15:0_20:0)
769,PC(15:0_20:1),PC(15:0_20:1)
770,PC(15:0_20:2),PC(15:0_20:2)
771,PC(15:0_20:3),PC(15:0_20:3)
772,PC(15:0_20:4),PC(15:0_20:4)
773,PC(15:0_20:5),PC(15:0_20:5)
774,PC(15:0_22:4),PC(15:0_22:4)
775,PC(15:0_22:5),PC(15:0_22:5)
776,PC(15:0_22:6),PC(15:0_22:6)
777,PC(16:0_14:0),PC(16:0_14:0)
778,PC(16:0_16:0),PC(16:0_16:0)
779,PC(16:0_16:1),PC(16:0_16:1)
780,PC(16:0_17:0),PC(16:0_17:0)
781,PC(16:0_18:0),PC(16:0_18:0)
782,PC(16:0_18:1),PC(16:0_18:1)
783,PC(16:0_18:2),PC(16:0_18:2)
784,PC(16:0_18:3),PC(16:0_18:3)
785,PC(16:0_20:1),PC(16:0_20:1)
786,PC(16:0_20:2),PC(16:0_20:2)
787,PC(16:0_20:3),PC(16:0_20:3)
788,PC(16:0_20:4),PC(16:0_20:4)
789,PC(16:0_20:5),PC(16:0_20:5)
790,PC(16:0_22:4),PC(16:0_22:4)
791,PC(16:0_22:5),PC(16:0_22:5)
792,PC(16:0_22:6),PC(16:0_22:6)
793,PC(16:1_16:1),PC(16:1_16:1)
794,PC(16:1_18:0),PC(16:1_18:0)
795,PC(16:1_18:1),PC(16:1_18:1)
796,PC(16:1_18:2),PC(16:1_18:2)
797,PC(16:1_18:3),PC(16:1_18:3)
798,PC(16:1_19:0),PC(16:1_19:0)
799,PC(16:1_20:1),PC(16:1_20:1)
800,PC(16:1_20:2),PC(16:1_20:2)
801,PC(16:1_20:3),PC(16:1_20:3)
802,PC(16:1_20:4),PC(16:1_20:4)
803,PC(16:1_20:5),PC(16:1_20:5)
804,PC(16:1_22:4),PC(16:1_22:4)
805,PC(16:1_22:5),PC(16:1_22:5)
806,PC(16:1_22:6),PC(16:1_22:6)
807,PC(17:0_17:0),PC(17:0_17:0)
808,PC(17:0_18:0),PC(17:0_18:0)
809,PC(17:0_18:1),PC(17:0_18:1)
810,PC(17:0_18:2),PC(17:0_18:2)
811,PC(17:0_18:3),PC(17:0_18:3)
812,PC(17:0_19:0),PC(17:0_19:0)
813,PC(17:0_20:0),PC(17:0_20:0)
814,PC(17:0_20:1),PC(17:0_20:1)
815,PC(17:0_20:2),PC(17:0_20:2)
816,PC(17:0_20:3),PC(17:0_20:3)
817,PC(17:0_20:4),PC(17:0_20:4)
818,PC(17:0_20:5),PC(17:0_20:5)
819,PC(17:0_22:4),PC(17:0_22:4)
820,PC(17:0_22:5),PC(17:0_22:5)
821,PC(17:0_22:6),PC(17:0_22:6)
822,PC(18:0_14:0),PC(18:0_14:0)
823,PC(18:0_16:1),PC(18:0_16:1)
824,PC(18:0_18:0),PC(18:0_18:0)
825,PC(18:0_18:1),PC(18:0_18:1)
826,PC(18:0_18:2),PC(18:0_18:2)
827,PC(18:0_18:3),PC(18:0_18:3)
828,PC(18:0_19:0),PC(18:0_19:0)
829,PC(18:0_20:0),PC(18:0_20:0)
830,PC(18:0_20:1),PC(18:0_20:1)
831,PC(18:0_20:2),PC(18:0_20:2)
832,PC(18:0_20:3),PC(18:0_20:3)
833,PC(18:0_20:4),PC(18:0_20:4)
834,PC(18:0_20:5),PC(18:0_20:5)
835,PC(18:0_22:4),PC(18:0_22:4)
836,PC(18:0_22:5),PC(18:0_22:5)
837,PC(18:0_22:6),PC(18:0_22:6)
838,PC(18:1_18:1),PC(18:1_18:1)
839,PC(18:1_18:2),PC(18:1_18:2)
840,PC(18:1_18:3),PC(18:1_18:3)
841,PC(18:1_20:0),PC(18:1_20:0)
842,PC(18:1_20:1),PC(18:1_20:1)
843,PC(18:1_20:2),PC(18:1_20:2)
844,PC(18:1_20:3),PC(18:1_20:3)
845,PC(18:1_20:4),PC(18:1_20:4)
846,PC(18:1_20:5),PC(18:1_20:5)
847,PC(18:1_22:4),PC(18:1_22:4)
848,PC(18:1_22:5),PC(18:1_22:5)
849,PC(18:1_22:6),PC(18:1_22:6)
850,PC(18:2_16:1),PC(18:2_16:1)
851,PC(18:2_18:2),PC(18:2_18:2)
852,PC(18:2_18:3),PC(18:2_18:3)
853,PC(18:2_19:0),PC(18:2_19:0)
854,PC(18:2_20:0),PC(18:2_20:0)
855,PC(18:2_20:2),PC(18:2_20:2)
856,PC(18:2_20:3),PC(18:2_20:3)
857,PC(18:2_20:4),PC(18:2_20:4)
858,PC(18:2_20:5),PC(18:2_20:5)
859,PC(18:2_22:4),PC(18:2_22:4)
860,PC(18:2_22:5),PC(18:2_22:5)
861,PC(18:2_22:6),PC(18:2_22:6)
862,PC(18:3_18:3),PC(18:3_18:3)
863,PC(18:3_20:0),PC(18:3_20:0)
864,PC(18:3_20:1),PC(18:3_20:1)
865,PC(18:3_20:2),PC(18:3_20:2)
866,PC(18:3_20:3),PC(18:3_20:3)
867,PC(18:3_20:4),PC(18:3_20:4)
868,PC(18:3_20:5),PC(18:3_20:5)
869,PC(18:3_22:4),PC(18:3_22:4)
870,PC(18:3_22:5),PC(18:3_22:5)
871,PC(18:3_22:6),PC(18:3_22:6)
872,PC(19:0_19:0),PC(19:0_19:0)
873,PC(19:0_20:0),PC(19:0_20:0)
874,PC(19:0_20:1),PC(19:0_20:1)
875,PC(19:0_20:2),PC(19:0_20:2)
876,PC(19:0_20:3),PC(19:0_20:3)
877,PC(19:0_20:4),PC(19:0_20:4)
878,PC(19:0_20:5),PC(19:0_20:5)
879,PC(19:0_22:4),PC(19:0_22:4)
880,PC(19:0_22:5),PC(19:0_22:5)
881,PC(20:0_16:1),PC(20:0_16:1)
882,PC(20:0_18:1),PC(20:0_18:1)
883,PC(20:0_18:3),PC(20:0_18:3)
884,PC(20:0_20:0),PC(20:0_20:0)
885,PC(20:0_20:1),PC(20:0_20:1)
886,PC(20:0_20:2),PC(20:0_20:2)
887,PC(20:0_20:3),PC(20:0_20:3)
888,PC(20:0_20:4),PC(20:0_20:4)
889,PC(20:0_20:5),PC(20:0_20:5)
890,PC(20:0_22:4),PC(20:0_22:4)
891,PC(20:0_22:5),PC(20:0_22:5)
892,PC(20:0_22:6),PC(20:0_22:6)
893,PC(20:1_20:1),PC(20:1_20:1)
894,PC(20:1_20:3),PC(20:1_20:3)
895,PC(20:1_20:4),PC(20:1_20:4)
896,PC(20:1_20:5),PC(20:1_20:5)
897,PC(20:1_22:4),PC(20:1_22:4)
898,PC(20:1_22:5),PC(20:1_22:5)
899,PC(20:1_22:6),PC(20:1_22:6)
900,PC(20:2_20:2),PC(20:2_20:2)
901,PC(20:2_20:3),PC(20:2_20:3)
902,PC(20:2_20:4),PC(20:2_20:4)
903,PC(20:2_20:5),PC(20:2_20:5)
904,PC(20:2_22:4),PC(20:2_22:4)
905,PC(20:2_22:5),PC(20:2_22:5)
906,PC(20:2_22:6),PC(20:2_22:6)
907,PC(20:3_20:3),PC(20:3_20:3)
908,PC(20:3_20:4),PC(20:3_20:4)
909,PC(20:3_20:5),PC(20:3_20:5)
910,PC(20:3_22:4),PC(20:3_22:4)
911,PC(20:3_22:5),PC(20:3_22:5)
912,PC(20:3_22:6),PC(20:3_22:6)
913,PC(20:4_20:4),PC(20:4_20:4)
914,PC(20:4_20:5),PC(20:4_20:5)
915,PC(20:4_22:4),PC(20:4_22:4)
916,PC(20:4_22:5),PC(20:4_22:5)
917,PC(20:4_22:6),PC(20:4_22:6)
918,PC(20:5_20:5),PC(20:5_20:5)
919,PC(20:5_22:4),PC(20:5_22:4)
920,PC(20:5_22:5),PC(20:5_22:5)
921,PC(20:5_22:6),PC(20:5_22:6)
922,PC(22:4_22:4),PC(22:4_22:4)
923,PC(22:4_22:5),PC(22:4_22:5)
924,PC(22:4_22:6),PC(22:4_22:6)
925,PC(22:5_22:5),PC(22:5_22:5)
926,PC(22:5_22:6),PC(22:5_22:6)
927,PC(22:6_22:6),PC(22:6_22:6)
928,PC(O-15:0/18:2),PC(O-15:0/18:2)
929,PC(O-16:0/18:1),PC(O-16:0/18:1)
930,PC(O-16:0/20:2),PC(O-16:0/20:2)
931,PC(O-16:0/20:4),PC(O-16:0/20:4)
932,PC(O-16:0/22:4),PC(O-16:0/22:4)
933,PC(O-16:1/18:0),PC(O-16:1/18:0)
934,PC(O-16:1/18:2),PC(O-16:1/18:2)
935,PC(O-16:1/20:0),PC(O-16:1/20:0)
936,PC(O-18:0/20:0),PC(O-18:0/20:0)
937,PC(O-18:0/20:1),PC(O-18:0/20:1)
938,PC(O-18:0/20:4),PC(O-18:0/20:4)
939,PC(O-18:0/22:0),PC(O-18:0/22:0)
940,PC(O-18:0/22:5),PC(O-18:0/22:5)
941,PC(O-18:0/22:6),PC(O-18:0/22:6)
942,PC(O-18:0/3:0),PC(O-18:0/3:0)
943,PC(O-18:0/4:0),PC(O-18:0/4:0)
944,PC(O-18:1/16:0),PC(O-18:1/16:0)
945,PC(O-18:1/18:2),PC(O-18:1/18:2)
946,PC(O-18:1/2:0),PC(O-18:1/2:0)
947,PC(O-18:1/24:0),PC(O-18:1/24:0)
948,PC(O-18:2/18:2),PC(O-18:2/18:2)
949,PC(O-18:2/20:0),PC(O-18:2/20:0)
950,PC(O-18:2/20:4),PC(O-18:2/20:4)
951,PC(O-18:2/22:0),PC(O-18:2/22:0)
952,PC(O-19:0/22:0),PC(O-19:0/22:0)
953,PC(O-20:0/16:0),PC(O-20:0/16:0)
954,PC(O-20:0/2:0),PC(O-20:0/2:0)
955,PC(O-20:0/20:4),PC(O-20:0/20:4)
956,PC(O-20:0/22:0),PC(O-20:0/22:0)
957,PC(O-20:1/20:4),PC(O-20:1/20:4)
958,PC(O-22:0/18:3),PC(O-22:0/18:3)
959,PC(O-24:0/20:4),PC(O-24:0/20:4)
960,PC(O-8:0/2:0),PC(O-8:0/2:0)
961,PC(P-14:0/18:1),PC(P-14:0/18:1)
962,PC(P-14:0/18:2),PC(P-14:0/18:2)
963,PC(P-15:0/18:1),PC(P-15:0/18:1)
964,PC(P-15:0/18:2),PC(P-15:0/18:2)
965,PC(P-15:0/20:3),PC(P-15:0/20:3)
966,PC(P-15:0/20:4),PC(P-15:0/20:4)
967,PC(P-16:0/16:0),PC(P-16:0/16:0)
968,PC(P-16:0/16:1),PC(P-16:0/16:1)
969,PC(P-16:0/17:1),PC(P-16:0/17:1)
970,PC(P-16:0/18:1),PC(P-16:0/18:1)
971,PC(P-16:0/18:2),PC(P-16:0/18:2)
972,PC(P-16:0/20:3),PC(P-16:0/20:3)
973,PC(P-16:0/22:5),PC(P-16:0/22:5)
974,PC(P-17:0/18:2),PC(P-17:0/18:2)
975,PC(P-18:0/18:3),PC(P-18:0/18:3)
976,PC(P-18:0/19:1),PC(P-18:0/19:1)
977,PC(P-18:0/20:2),PC(P-18:0/20:2)
978,PC(P-18:0/20:5),PC(P-18:0/20:5)
979,PC(P-18:0/21:0),PC(P-18:0/21:0)
980,PC(P-18:0/22:1),PC(P-18:0/22:1)
981,PC(P-18:0/22:4),PC(P-18:0/22:4)
982,PC(P-18:0/22:5),PC(P-18:0/22:5)
983,PC(P-18:1/14:0),PC(P-18:1/14:0)
984,PC(P-18:1/16:0),PC(P-18:1/16:0)
985,PC(P-18:1/16:1),PC(P-18:1/16:1)
986,PC(P-18:1/18:0),PC(P-18:1/18:0)
987,PC(P-18:1/18:1),PC(P-18:1/18:1)
988,PC(P-18:1/18:2),PC(P-18:1/18:2)
989,PC(P-18:1/20:2),PC(P-18:1/20:2)
990,PC(P-18:1/20:3),PC(P-18:1/20:3)
991,PC(P-18:1/20:4),PC(P-18:1/20:4)
992,PC(P-18:1/24:1),PC(P-18:1/24:1)
993,PC(P-20:0/12:0),PC(P-20:0/12:0)
994,PC(P-20:0/13:0),PC(P-20:0/13:0)
995,PC(P-20:0/15:0),PC(P-20:0/15:0)
996,PC(P-20:0/16:1),PC(P-20:0/16:1)
997,PC(P-20:0/17:0),PC(P-20:0/17:0)
998,PC(P-20:0/17:1),PC(P-20:0/17:1)
999,PC(P-20:0/17:2),PC(P-20:0/17:2)
1000,PC(P-20:0/18:0),PC(P-20:0/18:0)
1001,PC(P-20:0/18:1),PC(P-20:0/18:1)
1002,PC(P-20:0/18:2),PC(P-20:0/18:2)
1003,PC(P-20:0/19:0),PC(P-20:0/19:0)
1004,PC(P-20:0/20:1),PC(P-20:0/20:1)
1005,PC(P-20:0/20:2),PC(P-20:0/20:2)
1006,PC(P-20:0/20:3),PC(P-20:0/20:3)
1007,PC(P-20:0/20:4),PC(P-20:0/20:4)
1008,PC(P-20:0/20:5),PC(P-20:0/20:5)
1009,PC(P-20:0/21:0),PC(P-20:0/21:0)
1010,PC(P-20:0/22:4),PC(P-20:0/22:4)
1011,PC(P-20:0/22:6),PC(P-20:0/22:6)
1012,SIL_17:0-16:1 PC-d5,SIL_PC(17:0_16:1)_d5
1013,SIL_17:0-18:1 PC-d5,SIL_PC(17:0_18:1)_d5
1014,SIL_17:0-20:3 PC-d5,SIL_PC(17:0_20:3)_d5
1015,SIL_17:0-22:4 PC-d5,SIL_PC(17:0_22:4)_d5
1016,PE(14:0_14:0),PE(14:0_14:0)
1017,PE(14:0_15:0),PE(14:0_15:0)
1018,PE(14:0_16:0),PE(14:0_16:0)
1019,PE(14:0_16:1),PE(14:0_16:1)
1020,PE(14:0_17:0),PE(14:0_17:0)
1021,PE(14:0_18:0),PE(14:0_18:0)
1022,PE(14:0_18:1),PE(14:0_18:1)
1023,PE(14:0_18:2),PE(14:0_18:2)
1024,PE(14:0_18:3),PE(14:0_18:3)
1025,PE(14:0_19:0),PE(14:0_19:0)
1026,PE(14:0_20:0),PE(14:0_20:0)
1027,PE(14:0_20:1),PE(14:0_20:1)
1028,PE(14:0_20:2),PE(14:0_20:2)
1029,PE(14:0_20:3),PE(14:0_20:3)
1030,PE(14:0_20:4),PE(14:0_20:4)
1031,PE(14:0_20:5),PE(14:0_20:5)
1032,PE(14:0_22:4),PE(14:0_22:4)
1033,PE(14:0_22:5),PE(14:0_22:5)
1034,PE(14:0_22:6),PE(14:0_22:6)
1035,PE(14:1_14:1),PE(14:1_14:1)
1036,PE(15:0_15:0),PE(15:0_15:0)
1037,PE(15:0_16:0),PE(15:0_16:0)
1038,PE(15:0_16:1),PE(15:0_16:1)
1039,PE(15:0_17:0),PE(15:0_17:0)
1040,PE(15:0_18:0),PE(15:0_18:0)
1041,PE(15:0_18:1),PE(15:0_18:1)
1042,PE(15:0_18:2),PE(15:0_18:2)
1043,PE(15:0_19:0),PE(15:0_19:0)
1044,PE(15:0_20:0),PE(15:0_20:0)
1045,PE(15:0_20:1),PE(15:0_20:1)
1046,PE(15:0_20:2),PE(15:0_20:2)
1047,PE(15:0_20:3),PE(15:0_20:3)
1048,PE(15:0_20:4),PE(15:0_20:4)
1049,PE(15:0_20:5),PE(15:0_20:5)
1050,PE(15:0_22:4),PE(15:0_22:4)
1051,PE(15:0_22:5),PE(15:0_22:5)
1052,PE(15:0_22:6),PE(15:0_22:6)
1053,PE(16:0_14:0),PE(16:0_14:0)
1054,PE(16:0_16:0),PE(16:0_16:0)
1055,PE(16:0_16:1),PE(16:0_16:1)
1056,PE(16:0_18:1),PE(16:0_18:1)
1057,PE(16:0_18:2),PE(16:0_18:2)
1058,PE(16:0_18:3),PE(16:0_18:3)
1059,PE(16:0_20:0),PE(16:0_20:0)
1060,PE(16:0_20:1),PE(16:0_20:1)
1061,PE(16:0_20:2),PE(16:0_20:2)
1062,PE(16:0_20:3),PE(16:0_20:3)
1063,PE(16:0_20:4),PE(16:0_20:4)
1064,PE(16:0_20:5),PE(16:0_20:5)
1065,PE(16:0_22:4),PE(16:0_22:4)
1066,PE(16:0_22:6),PE(16:0_22:6)
1067,PE(17:0_18:0),PE(17:0_18:0)
1068,PE(17:0_18:1),PE(17:0_18:1)
1069,PE(17:0_18:2),PE(17:0_18:2)
1070,PE(17:0_18:3),PE(17:0_18:3)
1071,PE(17:0_20:0),PE(17:0_20:0)
1072,PE(17:0_20:1),PE(17:0_20:1)
1073,PE(17:0_20:2),PE(17:0_20:2)
1074,PE(17:0_20:3),PE(17:0_20:3)
1075,PE(17:0_20:4),PE(17:0_20:4)
1076,PE(17:0_22:4),PE(17:0_22:4)
1077,PE(17:0_22:5),PE(17:0_22:5)
1078,PE(17:0_22:6),PE(17:0_22:6)
1079,PE(18:0_14:0),PE(18:0_14:0)
1080,PE(18:0_16:0),PE(18:0_16:0)
1081,PE(18:0_16:1),PE(18:0_16:1)
1082,PE(18:0_18:0),PE(18:0_18:0)
1083,PE(18:0_18:1),PE(18:0_18:1)
1084,PE(18:0_18:2),PE(18:0_18:2)
1085,PE(18:0_18:3),PE(18:0_18:3)
1086,PE(18:0_20:0),PE(18:0_20:0)
1087,PE(18:0_20:2),PE(18:0_20:2)
1088,PE(18:0_20:3),PE(18:0_20:3)
1089,PE(18:0_20:4),PE(18:0_20:4)
1090,PE(18:0_20:5),PE(18:0_20:5)
1091,PE(18:0_22:4),PE(18:0_22:4)
1092,PE(18:0_22:5),PE(18:0_22:5)
1093,PE(18:0_22:6),PE(18:0_22:6)
1094,PE(18:1_16:1),PE(18:1_16:1)
1095,PE(18:1_18:1),PE(18:1_18:1)
1096,PE(18:1_18:2),PE(18:1_18:2)
1097,PE(18:1_18:3),PE(18:1_18:3)
1098,PE(18:1_20:0),PE(18:1_20:0)
1099,PE(18:1_20:1),PE(18:1_20:1)
1100,PE(18:1_20:2),PE(18:1_20:2)
1101,PE(18:1_20:3),PE(18:1_20:3)
1102,PE(18:1_20:4),PE(18:1_20:4)
1103,PE(18:1_20:5),PE(18:1_20:5)
1104,PE(18:1_22:4),PE(18:1_22:4)
1105,PE(18:1_22:5),PE(18:1_22:5)
1106,PE(18:1_22:6),PE(18:1_22:6)
1107,PE(18:2_16:1),PE(18:2_16:1)
1108,PE(18:2_18:2),PE(18:2_18:2)
1109,PE(18:2_18:3),PE(18:2_18:3)
1110,PE(18:2_20:0),PE(18:2_20:0)
1111,PE(18:2_20:1),PE(18:2_20:1)
1112,PE(18:2_20:2),PE(18:2_20:2)
1113,PE(18:2_20:4),PE(18:2_20:4)
1114,PE(18:2_20:5),PE(18:2_20:5)
1115,PE(18:2_22:4),PE(18:2_22:4)
1116,PE(18:2_22:5),PE(18:2_22:5)
1117,PE(18:2_22:6),PE(18:2_22:6)
1118,PE(19:0_19:0),PE(19:0_19:0)
1119,PE(19:0_20:0),PE(19:0_20:0)
1120,PE(19:0_20:1),PE(19:0_20:1)
1121,PE(19:0_20:2),PE(19:0_20:2)
1122,PE(19:0_20:3),PE(19:0_20:3)
1123,PE(19:0_20:4),PE(19:0_20:4)
1124,PE(19:0_20:5),PE(19:0_20:5)
1125,PE(19:0_22:4),PE(19:0_22:4)
1126,PE(19:0_22:5),PE(19:0_22:5)
1127,PE(19:0_22:6),PE(19:0_22:6)
1128,PE(20:0_20:0),PE(20:0_20:0)
1129,PE(20:0_20:1),PE(20:0_20:1)
1130,PE(20:0_20:2),PE(20:0_20:2)
1131,PE(20:0_20:3),PE(20:0_20:3)
1132,PE(20:0_20:4),PE(20:0_20:4)
1133,PE(20:0_20:5),PE(20:0_20:5)
1134,PE(20:0_22:4),PE(20:0_22:4)
1135,PE(20:0_22:5),PE(20:0_22:5)
1136,PE(20:0_22:6),PE(20:0_22:6)
1137,PE(20:1_20:1),PE(20:1_20:1)
1138,PE(20:1_20:2),PE(20:1_20:2)
1139,PE(20:1_20:3),PE(20:1_20:3)
1140,PE(20:1_20:4),PE(20:1_20:4)
1141,PE(20:1_20:5),PE(20:1_20:5)
1142,PE(20:1_22:4),PE(20:1_22:4)
1143,PE(20:1_22:5),PE(20:1_22:5)
1144,PE(20:1_22:6),PE(20:1_22:6)
1145,PE(20:2_20:2),PE(20:2_20:2)
1146,PE(20:2_20:3),PE(20:2_20:3)
1147,PE(20:2_20:4),PE(20:2_20:4)
1148,PE(20:2_22:4),PE(20:2_22:4)
1149,PE(20:2_22:6),PE(20:2_22:6)
1150,PE(20:3_20:3),PE(20:3_20:3)
1151,PE(20:3_20:4),PE(20:3_20:4)
1152,PE(20:3_22:4),PE(20:3_22:4)
1153,PE(20:3_22:5),PE(20:3_22:5)
1154,PE(20:3_22:6),PE(20:3_22:6)
1155,PE(20:4_20:4),PE(20:4_20:4)
1156,PE(20:4_22:4),PE(20:4_22:4)
1157,PE(20:4_22:5),PE(20:4_22:5)
1158,PE(20:5_20:5),PE(20:5_20:5)
1159,PE(20:5_22:4),PE(20:5_22:4)
1160,PE(20:5_22:5),PE(20:5_22:5)
1161,PE(22:4_22:4),PE(22:4_22:4)
1162,PE(22:5_22:6),PE(22:5_22:6)
1163,PE(22:6_22:6),PE(22:6_22:6)
1164,PE(O-16:0/16:0),PE(O-16:0/16:0)
1165,PE(O-16:0/16:1),PE(O-16:0/16:1)
1166,PE(O-16:0/18:0),PE(O-16:0/18:0)
1167,PE(O-16:0/18:1),PE(O-16:0/18:1)
1168,PE(O-16:0/18:2),PE(O-16:0/18:2)
1169,PE(O-16:0/18:3),PE(O-16:0/18:3)
1170,PE(O-16:0/20:1),PE(O-16:0/20:1)
1171,PE(O-16:0/20:2),PE(O-16:0/20:2)
1172,PE(O-16:0/20:3),PE(O-16:0/20:3)
1173,PE(O-16:0/20:4),PE(O-16:0/20:4)
1174,PE(O-16:0/20:5),PE(O-16:0/20:5)
1175,PE(O-16:0/22:4),PE(O-16:0/22:4)
1176,PE(O-16:0/22:5),PE(O-16:0/22:5)
1177,PE(O-16:0/22:6),PE(O-16:0/22:6)
1178,PE(O-18:0/16:0),PE(O-18:0/16:0)
1179,PE(O-18:0/16:1),PE(O-18:0/16:1)
1180,PE(O-18:0/18:0),PE(O-18:0/18:0)
1181,PE(O-18:0/18:1),PE(O-18:0/18:1)
1182,PE(O-18:0/18:2),PE(O-18:0/18:2)
1183,PE(O-18:0/18:3),PE(O-18:0/18:3)
1184,PE(O-18:0/20:1),PE(O-18:0/20:1)
1185,PE(O-18:0/20:2),PE(O-18:0/20:2)
1186,PE(O-18:0/20:3),PE(O-18:0/20:3)
1187,PE(O-18:0/20:4),PE(O-18:0/20:4)
1188,PE(O-18:0/20:5),PE(O-18:0/20:5)
1189,PE(O-18:0/22:4),PE(O-18:0/22:4)
1190,PE(O-18:0/22:5),PE(O-18:0/22:5)
1191,PE(O-18:0/22:6),PE(O-18:0/22:6)
1192,PE(P-14:0/18:0),PE(P-14:0/18:0)
1193,PE(P-14:0/18:1),PE(P-14:0/18:1)
1194,PE(P-16:0/16:0),PE(P-16:0/16:0)
1195,PE(P-16:0/16:1),PE(P-16:0/16:1)
1196,PE(P-16:0/18:0),PE(P-16:0/18:0)
1197,PE(P-16:0/18:1),PE(P-16:0/18:1)
1198,PE(P-16:0/18:2),PE(P-16:0/18:2)
1199,PE(P-16:0/18:3),PE(P-16:0/18:3)
1200,PE(P-16:0/20:1),PE(P-16:0/20:1)
1201,PE(P-16:0/20:2),PE(P-16:0/20:2)
1202,PE(P-16:0/20:3),PE(P-16:0/20:3)
1203,PE(P-16:0/20:4),PE(P-16:0/20:4)
1204,PE(P-16:0/20:5),PE(P-16:0/20:5)
1205,PE(P-16:0/22:4),PE(P-16:0/22:4)
1206,PE(P-16:0/22:5),PE(P-16:0/22:5)
1207,PE(P-16:0/22:6),PE(P-16:0/22:6)
1208,PE(P-16:1/18:1),PE(P-16:1/18:1)
1209,PE(P-18:0/16:0),PE(P-18:0/16:0)
1210,PE(P-18:0/16:1),PE(P-18:0/16:1)
1211,PE(P-18:0/18:0),PE(P-18:0/18:0)
1212,PE(P-18:0/18:1),PE(P-18:0/18:1)
1213,PE(P-18:0/18:2),PE(P-18:0/18:2)
1214,PE(P-18:0/18:3),PE(P-18:0/18:3)
1215,PE(P-18:0/20:1),PE(P-18:0/20:1)
1216,PE(P-18:0/20:2),PE(P-18:0/20:2)
1217,PE(P-18:0/20:3),PE(P-18:0/20:3)
1218,PE(P-18:0/20:4),PE(P-18:0/20:4)
1219,PE(P-18:0/20:5),PE(P-18:0/20:5)
1220,PE(P-18:0/22:4),PE(P-18:0/22:4)
1221,PE(P-18:0/22:5),PE(P-18:0/22:5)
1222,PE(P-18:0/22:6),PE(P-18:0/22:6)
1223,PE(P-18:1/16:0),PE(P-18:1/16:0)
1224,PE(P-18:1/16:1),PE(P-18:1/16:1)
1225,PE(P-18:1/18:0),PE(P-18:1/18:0)
1226,PE(P-18:1/18:1),PE(P-18:1/18:1)
1227,PE(P-18:1/18:2),PE(P-18:1/18:2)
1228,PE(P-18:1/18:3),PE(P-18:1/18:3)
1229,PE(P-18:1/20:1),PE(P-18:1/20:1)
1230,PE(P-18:1/20:2),PE(P-18:1/20:2)
1231,PE(P-18:1/20:3),PE(P-18:1/20:3)
1232,PE(P-18:1/20:4),PE(P-18:1/20:4)
1233,PE(P-18:1/20:5),PE(P-18:1/20:5)
1234,PE(P-18:1/22:4),PE(P-18:1/22:4)
1235,PE(P-18:1/22:5),PE(P-18:1/22:5)
1236,PE(P-18:1/22:6),PE(P-18:1/22:6)
1237,PE(P-18:2/18:2),PE(P-18:2/18:2)
1238,PE(P-18:2/20:4),PE(P-18:2/20:4)
1239,PE(P-18:2/22:6),PE(P-18:2/22:6)
1240,SIL_17:0-14:1 PE-d5,SIL_PE(17:0_14:1)_d5
1241,SIL_17:0-16:1 PE-d5,SIL_PE(17:0_16:1)_d5
1242,SIL_17:0-18:1 PE-d5,SIL_PE(17:0_18:1)_d5
1243,SIL_17:0-20:3 PE-d5,SIL_PE(17:0_20:3)_d5
1244,SIL_17:0-22:4 PE-d5,SIL_PE(17:0_22:4)_d5
1245,PG(14:0_14:0),PG(14:0_14:0)
1246,PG(14:0_15:0),PG(14:0_15:0)
1247,PG(14:0_16:0),PG(14:0_16:0)
1248,PG(14:0_16:1),PG(14:0_16:1)
1249,PG(14:0_18:0),PG(14:0_18:0)
1250,PG(14:0_18:1),PG(14:0_18:1)
1251,PG(14:0_18:2),PG(14:0_18:2)
1252,PG(14:0_18:3),PG(14:0_18:3)
1253,PG(14:0_20:1),PG(14:0_20:1)
1254,PG(14:0_20:3),PG(14:0_20:3)
1255,PG(14:0_20:4),PG(14:0_20:4)
1256,PG(14:0_20:5),PG(14:0_20:5)
1257,PG(14:0_22:4),PG(14:0_22:4)
1258,PG(14:0_22:6),PG(14:0_22:6)
1259,PG(14:1_14:1),PG(14:1_14:1)
1260,PG(15:0_15:0),PG(15:0_15:0)
1261,PG(15:0_16:1),PG(15:0_16:1)
1262,PG(15:0_17:0),PG(15:0_17:0)
1263,PG(15:0_18:0),PG(15:0_18:0)
1264,PG(15:0_18:1),PG(15:0_18:1)
1265,PG(15:0_18:2),PG(15:0_18:2)
1266,PG(15:0_19:0),PG(15:0_19:0)
1267,PG(15:0_20:1),PG(15:0_20:1)
1268,PG(15:0_20:2),PG(15:0_20:2)
1269,PG(15:0_20:3),PG(15:0_20:3)
1270,PG(15:0_20:5),PG(15:0_20:5)
1271,PG(15:0_22:4),PG(15:0_22:4)
1272,PG(15:0_22:6),PG(15:0_22:6)
1273,PG(16:0_14:0),PG(16:0_14:0)
1274,PG(16:0_16:0),PG(16:0_16:0)
1275,PG(16:0_16:1),PG(16:0_16:1)
1276,PG(16:0_17:0),PG(16:0_17:0)
1277,PG(16:0_18:0),PG(16:0_18:0)
1278,PG(16:0_18:1),PG(16:0_18:1)
1279,PG(16:0_18:2),PG(16:0_18:2)
1280,PG(16:0_18:3),PG(16:0_18:3)
1281,PG(16:0_19:0),PG(16:0_19:0)
1282,PG(16:0_20:0),PG(16:0_20:0)
1283,PG(16:0_20:1),PG(16:0_20:1)
1284,PG(16:0_20:2),PG(16:0_20:2)
1285,PG(16:0_20:3),PG(16:0_20:3)
1286,PG(16:0_20:4),PG(16:0_20:4)
1287,PG(16:0_20:5),PG(16:0_20:5)
1288,PG(16:0_22:4),PG(16:0_22:4)
1289,PG(16:0_22:5),PG(16:0_22:5)
1290,PG(16:0_22:6),PG(16:0_22:6)
1291,PG(16:1_16:1),PG(16:1_16:1)
1292,PG(16:1_18:0),PG(16:1_18:0)
1293,PG(16:1_18:1),PG(16:1_18:1)
1294,PG(16:1_18:2),PG(16:1_18:2)
1295,PG(16:1_18:3),PG(16:1_18:3)
1296,PG(16:1_20:0),PG(16:1_20:0)
1297,PG(16:1_20:1),PG(16:1_20:1)
1298,PG(16:1_20:2),PG(16:1_20:2)
1299,PG(16:1_20:3),PG(16:1_20:3)
1300,PG(16:1_20:4),PG(16:1_20:4)
1301,PG(16:1_20:5),PG(16:1_20:5)
1302,PG(16:1_22:4),PG(16:1_22:4)
1303,PG(16:1_22:5),PG(16:1_22:5)
1304,PG(16:1_22:6),PG(16:1_22:6)
1305,PG(17:0_17:0),PG(17:0_17:0)
1306,PG(17:0_18:0),PG(17:0_18:0)
1307,PG(17:0_18:1),PG(17:0_18:1)
1308,PG(17:0_18:2),PG(17:0_18:2)
1309,PG(17:0_18:3),PG(17:0_18:3)
1310,PG(17:0_19:0),PG(17:0_19:0)
1311,PG(17:0_20:0),PG(17:0_20:0)
1312,PG(17:0_20:1),PG(17:0_20:1)
1313,PG(17:0_20:2),PG(17:0_20:2)
1314,PG(17:0_20:3),PG(17:0_20:3)
1315,PG(17:0_20:4),PG(17:0_20:4)
1316,PG(17:0_20:5),PG(17:0_20:5)
1317,PG(17:0_22:4),PG(17:0_22:4)
1318,PG(17:0_22:5),PG(17:0_22:5)
1319,PG(17:0_22:6),PG(17:0_22:6)
1320,PG(18:0_14:0),PG(18:0_14:0)
1321,PG(18:0_16:1),PG(18:0_16:1)
1322,PG(18:0_18:0),PG(18:0_18:0)
1323,PG(18:0_18:1),PG(18:0_18:1)
1324,PG(18:0_18:2),PG(18:0_18:2)
1325,PG(18:0_18:3),PG(18:0_18:3)
1326,PG(18:0_19:0),PG(18:0_19:0)
1327,PG(18:0_20:0),PG(18:0_20:0)
1328,PG(18:0_20:1),PG(18:0_20:1)
1329,PG(18:0_20:2),PG(18:0_20:2)
1330,PG(18:0_20:3),PG(18:0_20:3)
1331,PG(18:0_20:4),PG(18:0_20:4)
1332,PG(18:0_20:5),PG(18:0_20:5)
1333,PG(18:0_22:4),PG(18:0_22:4)
1334,PG(18:0_22:5),PG(18:0_22:5)
1335,PG(18:0_22:6),PG(18:0_22:6)
1336,PG(18:1_16:1),PG(18:1_16:1)
1337,PG(18:1_18:1),PG(18:1_18:1)
1338,PG(18:1_18:2),PG(18:1_18:2)
1339,PG(18:1_18:3),PG(18:1_18:3)
1340,PG(18:1_19:0),PG(18:1_19:0)
1341,PG(18:1_20:0),PG(18:1_20:0)
1342,PG(18:1_20:1),PG(18:1_20:1)
1343,PG(18:1_20:2),PG(18:1_20:2)
1344,PG(18:1_20:3),PG(18:1_20:3)
1345,PG(18:1_20:4),PG(18:1_20:4)
1346,PG(18:1_20:5),PG(18:1_20:5)
1347,PG(18:1_22:4),PG(18:1_22:4)
1348,PG(18:1_22:5),PG(18:1_22:5)
1349,PG(18:1_22:6),PG(18:1_22:6)
1350,PG(18:2_16:1),PG(18:2_16:1)
1351,PG(18:2_18:2),PG(18:2_18:2)
1352,PG(18:2_18:3),PG(18:2_18:3)
1353,PG(18:2_20:0),PG(18:2_20:0)
1354,PG(18:2_20:2),PG(18:2_20:2)
1355,PG(18:2_20:3),PG(18:2_20:3)
1356,PG(18:2_20:4),PG(18:2_20:4)
1357,PG(18:2_20:5),PG(18:2_20:5)
1358,PG(18:2_22:4),PG(18:2_22:4)
1359,PG(18:2_22:5),PG(18:2_22:5)
1360,PG(18:2_22:6),PG(18:2_22:6)
1361,PG(18:3_18:3),PG(18:3_18:3)
1362,PG(18:3_19:0),PG(18:3_19:0)
1363,PG(18:3_20:0),PG(18:3_20:0)
1364,PG(18:3_20:1),PG(18:3_20:1)
1365,PG(18:3_20:2),PG(18:3_20:2)
1366,PG(18:3_20:3),PG(18:3_20:3)
1367,PG(18:3_20:4),PG(18:3_20:4)
1368,PG(18:3_20:5),PG(18:3_20:5)
1369,PG(18:3_22:4),PG(18:3_22:4)
1370,PG(18:3_22:5),PG(18:3_22:5)
1371,PG(18:3_22:6),PG(18:3_22:6)
1372,PG(19:0_19:0),PG(19:0_19:0)
1373,PG(19:0_20:0),PG(19:0_20:0)
1374,PG(19:0_20:1),PG(19:0_20:1)
1375,PG(19:0_20:2),PG(19:0_20:2)
1376,PG(19:0_20:3),PG(19:0_20:3)
1377,PG(19:0_22:4),PG(19:0_22:4)
1378,PG(19:0_22:5),PG(19:0_22:5)
1379,PG(19:0_22:6),PG(19:0_22:6)
1380,PG(20:0_16:1),PG(20:0_16:1)
1381,PG(20:0_18:1),PG(20:0_18:1)
1382,PG(20:0_18:2),PG(20:0_18:2)
1383,PG(20:0_18:3),PG(20:0_18:3)
1384,PG(20:0_20:1),PG(20:0_20:1)
1385,PG(20:0_20:2),PG(20:0_20:2)
1386,PG(20:0_20:3),PG(20:0_20:3)
1387,PG(20:0_20:4),PG(20:0_20:4)
1388,PG(20:0_20:5),PG(20:0_20:5)
1389,PG(20:0_22:4),PG(20:0_22:4)
1390,PG(20:0_22:5),PG(20:0_22:5)
1391,PG(20:0_22:6),PG(20:0_22:6)
1392,PG(20:1_20:1),PG(20:1_20:1)
1393,PG(20:1_20:2),PG(20:1_20:2)
1394,PG(20:1_20:3),PG(20:1_20:3)
1395,PG(20:1_20:4),PG(20:1_20:4)
1396,PG(20:1_20:5),PG(20:1_20:5)
1397,PG(20:1_22:4),PG(20:1_22:4)
1398,PG(20:1_22:5),PG(20:1_22:5)
1399,PG(20:2_20:3),PG(20:2_20:3)
1400,PG(20:2_20:4),PG(20:2_20:4)
1401,PG(20:2_22:4),PG(20:2_22:4)
1402,PG(20:2_22:5),PG(20:2_22:5)
1403,PG(20:2_22:6),PG(20:2_22:6)
1404,PG(20:3_20:3),PG(20:3_20:3)
1405,PG(20:3_20:4),PG(20:3_20:4)
1406,PG(20:3_22:4),PG(20:3_22:4)
1407,PG(20:3_22:5),PG(20:3_22:5)
1408,PG(20:3_22:6),PG(20:3_22:6)
1409,PG(20:4_20:4),PG(20:4_20:4)
1410,PG(20:4_20:5),PG(20:4_20:5)
1411,PG(20:4_22:4),PG(20:4_22:4)
1412,PG(20:4_22:5),PG(20:4_22:5)
1413,PG(20:4_22:6),PG(20:4_22:6)
1414,PG(20:5_20:5),PG(20:5_20:5)
1415,PG(20:5_22:4),PG(20:5_22:4)
1416,PG(20:5_22:5),PG(20:5_22:5)
1417,PG(20:5_22:6),PG(20:5_22:6)
1418,PG(22:4_22:4),PG(22:4_22:4)
1419,PG(22:5_22:5),PG(22:5_22:5)
1420,PG(22:5_22:6),PG(22:5_22:6)
1421,PG(22:6_22:6),PG(22:6_22:6)
1422,SIL_17:0-14:1 PG-d5,SIL_PG(17:0_14:1)_d5
1423,SIL_17:0-16:1 PG-d5,SIL_PG(17:0_16:1)_d5
1424,SIL_17:0-18:1 PG-d5,SIL_PG(17:0_18:1)_d5
1425,SIL_17:0-20:3 PG-d5,SIL_PG(17:0_20:3)_d5
1426,SIL_17:0-22:4 PG-d5,SIL_PG(17:0_22:4)_d5
1427,PI(14:0_14:0),PI(14:0_14:0)
1428,PI(14:0_16:0),PI(14:0_16:0)
1429,PI(14:0_16:1),PI(14:0_16:1)
1430,PI(14:0_17:0),PI(14:0_17:0)
1431,PI(14:0_18:0),PI(14:0_18:0)
1432,PI(14:0_18:1),PI(14:0_18:1)
1433,PI(14:0_18:2),PI(14:0_18:2)
1434,PI(14:0_18:3),PI(14:0_18:3)
1435,PI(14:0_20:0),PI(14:0_20:0)
1436,PI(14:0_20:1),PI(14:0_20:1)
1437,PI(14:0_20:2),PI(14:0_20:2)
1438,PI(14:0_20:3),PI(14:0_20:3)
1439,PI(14:0_20:4),PI(14:0_20:4)
1440,PI(14:0_20:5),PI(14:0_20:5)
1441,PI(14:0_22:4),PI(14:0_22:4)
1442,PI(14:0_22:5),PI(14:0_22:5)
1443,PI(14:0_22:6),PI(14:0_22:6)
1444,PI(15:0_16:0),PI(15:0_16:0)
1445,PI(15:0_16:1),PI(15:0_16:1)
1446,PI(15:0_17:0),PI(15:0_17:0)
1447,PI(15:0_18:0),PI(15:0_18:0)
1448,PI(15:0_18:1),PI(15:0_18:1)
1449,PI(15:0_18:2),PI(15:0_18:2)
1450,PI(15:0_18:3),PI(15:0_18:3)
1451,PI(15:0_19:0),PI(15:0_19:0)
1452,PI(15:0_20:0),PI(15:0_20:0)
1453,PI(15:0_20:1),PI(15:0_20:1)
1454,PI(15:0_20:2),PI(15:0_20:2)
1455,PI(15:0_20:3),PI(15:0_20:3)
1456,PI(15:0_20:4),PI(15:0_20:4)
1457,PI(15:0_20:5),PI(15:0_20:5)
1458,PI(15:0_22:4),PI(15:0_22:4)
1459,PI(15:0_22:5),PI(15:0_22:5)
1460,PI(15:0_22:6),PI(15:0_22:6)
1461,PI(16:0_14:0),PI(16:0_14:0)
1462,PI(16:0_16:0),PI(16:0_16:0)
1463,PI(16:0_16:1),PI(16:0_16:1)
1464,PI(16:0_17:0),PI(16:0_17:0)
1465,PI(16:0_18:0),PI(16:0_18:0)
1466,PI(16:0_18:1),PI(16:0_18:1)
1467,PI(16:0_18:2),PI(16:0_18:2)
1468,PI(16:0_18:3),PI(16:0_18:3)
1469,PI(16:0_20:0),PI(16:0_20:0)
1470,PI(16:0_20:1),PI(16:0_20:1)
1471,PI(16:0_20:2),PI(16:0_20:2)
1472,PI(16:0_20:3),PI(16:0_20:3)
1473,PI(16:0_20:4),PI(16:0_20:4)
1474,PI(16:0_20:5),PI(16:0_20:5)
1475,PI(16:0_22:4),PI(16:0_22:4)
1476,PI(16:0_22:5),PI(16:0_22:5)
1477,PI(16:0_22:6),PI(16:0_22:6)
1478,PI(16:1_17:0),PI(16:1_17:0)
1479,PI(16:1_18:0),PI(16:1_18:0)
1480,PI(16:1_18:1),PI(16:1_18:1)
1481,PI(16:1_18:2),PI(16:1_18:2)
1482,PI(16:1_19:0),PI(16:1_19:0)
1483,PI(16:1_20:0),PI(16:1_20:0)
1484,PI(16:1_20:1),PI(16:1_20:1)
1485,PI(16:1_20:2),PI(16:1_20:2)
1486,PI(16:1_20:3),PI(16:1_20:3)
1487,PI(16:1_20:4),PI(16:1_20:4)
1488,PI(16:1_22:4),PI(16:1_22:4)
1489,PI(16:1_22:5),PI(16:1_22:5)
1490,PI(16:1_22:6),PI(16:1_22:6)
1491,PI(17:0_17:0),PI(17:0_17:0)
1492,PI(17:0_18:0),PI(17:0_18:0)
1493,PI(17:0_18:1),PI(17:0_18:1)
1494,PI(17:0_18:2),PI(17:0_18:2)
1495,PI(17:0_18:3),PI(17:0_18:3)
1496,PI(17:0_19:0),PI(17:0_19:0)
1497,PI(17:0_20:0),PI(17:0_20:0)
1498,PI(17:0_20:1),PI(17:0_20:1)
1499,PI(17:0_20:2),PI(17:0_20:2)
1500,PI(17:0_20:3),PI(17:0_20:3)
1501,PI(17:0_20:4),PI(17:0_20:4)
1502,PI(17:0_20:5),PI(17:0_20:5)
1503,PI(17:0_22:4),PI(17:0_22:4)
1504,PI(18:0_14:0),PI(18:0_14:0)
1505,PI(18:0_16:1),PI(18:0_16:1)
1506,PI(18:0_18:0),PI(18:0_18:0)
1507,PI(18:0_18:1),PI(18:0_18:1)
1508,PI(18:0_18:2),PI(18:0_18:2)
1509,PI(18:0_18:3),PI(18:0_18:3)
1510,PI(18:0_19:0),PI(18:0_19:0)
1511,PI(18:0_20:0),PI(18:0_20:0)
1512,PI(18:0_20:1),PI(18:0_20:1)
1513,PI(18:0_20:2),PI(18:0_20:2)
1514,PI(18:0_20:3),PI(18:0_20:3)
1515,PI(18:0_20:4),PI(18:0_20:4)
1516,PI(18:0_20:5),PI(18:0_20:5)
1517,PI(18:0_22:4),PI(18:0_22:4)
1518,PI(18:0_22:5),PI(18:0_22:5)
1519,PI(18:0_22:6),PI(18:0_22:6)
1520,PI(18:1_16:1),PI(18:1_16:1)
1521,PI(18:1_18:1),PI(18:1_18:1)
1522,PI(18:1_18:2),PI(18:1_18:2)
1523,PI(18:1_18:3),PI(18:1_18:3)
1524,PI(18:1_19:0),PI(18:1_19:0)
1525,PI(18:1_20:0),PI(18:1_20:0)
1526,PI(18:1_20:1),PI(18:1_20:1)
1527,PI(18:1_20:2),PI(18:1_20:2)
1528,PI(18:1_20:3),PI(18:1_20:3)
1529,PI(18:1_20:4),PI(18:1_20:4)
1530,PI(18:1_20:5),PI(18:1_20:5)
1531,PI(18:1_22:4),PI(18:1_22:4)
1532,PI(18:1_22:5),PI(18:1_22:5)
1533,PI(18:1_22:6),PI(18:1_22:6)
1534,PI(18:2_16:1),PI(18:2_16:1)
1535,PI(18:2_18:2),PI(18:2_18:2)
1536,PI(18:2_18:3),PI(18:2_18:3)
1537,PI(18:2_19:0),PI(18:2_19:0)
1538,PI(18:2_20:0),PI(18:2_20:0)
1539,PI(18:2_20:1),PI(18:2_20:1)
1540,PI(18:2_20:2),PI(18:2_20:2)
1541,PI(18:2_20:3),PI(18:2_20:3)
1542,PI(18:2_20:4),PI(18:2_20:4)
1543,PI(18:2_20:5),PI(18:2_20:5)
1544,PI(18:2_22:4),PI(18:2_22:4)
1545,PI(18:2_22:5),PI(18:2_22:5)
1546,PI(18:2_22:6),PI(18:2_22:6)
1547,PI(18:3_19:0),PI(18:3_19:0)
1548,PI(18:3_20:0),PI(18:3_20:0)
1549,PI(18:3_20:1),PI(18:3_20:1)
1550,PI(18:3_20:2),PI(18:3_20:2)
1551,PI(18:3_20:3),PI(18:3_20:3)
1552,PI(18:3_20:4),PI(18:3_20:4)
1553,PI(18:3_20:5),PI(18:3_20:5)
1554,PI(18:3_22:4),PI(18:3_22:4)
1555,PI(18:3_22:5),PI(18:3_22:5)
1556,PI(18:3_22:6),PI(18:3_22:6)
1557,PI(19:0_19:0),PI(19:0_19:0)
1558,PI(19:0_20:0),PI(19:0_20:0)
1559,PI(19:0_20:1),PI(19:0_20:1)
1560,PI(19:0_20:2),PI(19:0_20:2)
1561,PI(19:0_20:3),PI(19:0_20:3)
1562,PI(19:0_20:4),PI(19:0_20:4)
1563,PI(19:0_20:5),PI(19:0_20:5)
1564,PI(19:0_22:4),PI(19:0_22:4)
1565,PI(19:0_22:5),PI(19:0_22:5)
1566,PI(19:0_22:6),PI(19:0_22:6)
1567,PI(20:0_16:1),PI(20:0_16:1)
1568,PI(20:0_18:1),PI(20:0_18:1)
1569,PI(20:0_18:2),PI(20:0_18:2)
1570,PI(20:0_18:3),PI(20:0_18:3)
1571,PI(20:0_20:0),PI(20:0_20:0)
1572,PI(20:0_20:1),PI(20:0_20:1)
1573,PI(20:0_20:2),PI(20:0_20:2)
1574,PI(20:0_20:3),PI(20:0_20:3)
1575,PI(20:0_20:4),PI(20:0_20:4)
1576,PI(20:0_20:5),PI(20:0_20:5)
1577,PI(20:0_22:4),PI(20:0_22:4)
1578,PI(20:0_22:5),PI(20:0_22:5)
1579,PI(20:0_22:6),PI(20:0_22:6)
1580,PI(20:1_20:1),PI(20:1_20:1)
1581,PI(20:1_20:2),PI(20:1_20:2)
1582,PI(20:1_20:3),PI(20:1_20:3)
1583,PI(20:1_20:4),PI(20:1_20:4)
1584,PI(20:1_22:4),PI(20:1_22:4)
1585,PI(20:1_22:5),PI(20:1_22:5)
1586,PI(20:1_22:6),PI(20:1_22:6)
1587,PI(20:2_20:2),PI(20:2_20:2)
1588,PI(20:2_20:3),PI(20:2_20:3)
1589,PI(20:2_20:4),PI(20:2_20:4)
1590,PI(20:2_20:5),PI(20:2_20:5)
1591,PI(20:2_22:4),PI(20:2_22:4)
1592,PI(20:2_22:5),PI(20:2_22:5)
1593,PI(20:2_22:6),PI(20:2_22:6)
1594,PI(20:3_20:4),PI(20:3_20:4)
1595,PI(20:3_22:4),PI(20:3_22:4)
1596,PI(20:3_22:5),PI(20:3_22:5)
1597,PI(20:3_22:6),PI(20:3_22:6)
1598,PI(20:4_20:4),PI(20:4_20:4)
1599,PI(20:4_20:5),PI(20:4_20:5)
1600,PI(20:4_22:4),PI(20:4_22:4)
1601,PI(20:4_22:5),PI(20:4_22:5)
1602,PI(20:4_22:6),PI(20:4_22:6)
1603,PI(20:5_20:5),PI(20:5_20:5)
1604,PI(20:5_22:4),PI(20:5_22:4)
1605,PI(20:5_22:5),PI(20:5_22:5)
1606,PI(20:5_22:6),PI(20:5_22:6)
1607,PI(22:4_22:4),PI(22:4_22:4)
1608,PI(22:4_22:5),PI(22:4_22:5)
1609,PI(22:4_22:6),PI(22:4_22:6)
1610,PI(22:5_22:5),PI(22:5_22:5)
1611,PI(22:5_22:6),PI(22:5_22:6)
1612,SIL_17:0-14:1 PI-d5,SIL_PI(17:0_14:1)_d5
1613,SIL_17:0-16:1 PI-d5,SIL_PI(17:0_16:1)_d5
1614,SIL_17:0-18:1 PI-d5,SIL_PI(17:0_18:1)_d5
1615,SIL_17:0-20:3 PI-d5,SIL_PI(17:0_20:3)_d5
1616,SIL_17:0-22:4 PI-d5,SIL_PI(17:0_22:4)_d5
1617,PS(14:0_14:0),PS(14:0_14:0)
1618,PS(14:0_15:0),PS(14:0_15:0)
1619,PS(14:0_16:0),PS(14:0_16:0)
1620,PS(14:0_16:1),PS(14:0_16:1)
1621,PS(14:0_18:0),PS(14:0_18:0)
1622,PS(14:0_18:1),PS(14:0_18:1)
1623,PS(14:0_18:2),PS(14:0_18:2)
1624,PS(14:0_18:3),PS(14:0_18:3)
1625,PS(14:0_20:0),PS(14:0_20:0)
1626,PS(14:0_20:1),PS(14:0_20:1)
1627,PS(14:0_20:3),PS(14:0_20:3)
1628,PS(14:0_20:4),PS(14:0_20:4)
1629,PS(14:0_20:5),PS(14:0_20:5)
1630,PS(14:0_22:4),PS(14:0_22:4)
1631,PS(14:0_22:5),PS(14:0_22:5)
1632,PS(14:0_22:6),PS(14:0_22:6)
1633,PS(14:1_14:1),PS(14:1_14:1)
1634,PS(15:0_16:0),PS(15:0_16:0)
1635,PS(15:0_16:1),PS(15:0_16:1)
1636,PS(15:0_18:0),PS(15:0_18:0)
1637,PS(15:0_18:1),PS(15:0_18:1)
1638,PS(15:0_18:2),PS(15:0_18:2)
1639,PS(15:0_19:0),PS(15:0_19:0)
1640,PS(15:0_20:0),PS(15:0_20:0)
1641,PS(15:0_20:2),PS(15:0_20:2)
1642,PS(15:0_20:3),PS(15:0_20:3)
1643,PS(15:0_20:4),PS(15:0_20:4)
1644,PS(15:0_20:5),PS(15:0_20:5)
1645,PS(15:0_22:4),PS(15:0_22:4)
1646,PS(15:0_22:5),PS(15:0_22:5)
1647,PS(15:0_22:6),PS(15:0_22:6)
1648,PS(16:0_16:0),PS(16:0_16:0)
1649,PS(16:0_16:1),PS(16:0_16:1)
1650,PS(16:0_17:0),PS(16:0_17:0)
1651,PS(16:0_18:0),PS(16:0_18:0)
1652,PS(16:0_18:1),PS(16:0_18:1)
1653,PS(16:0_18:2),PS(16:0_18:2)
1654,PS(16:0_18:3),PS(16:0_18:3)
1655,PS(16:0_19:0),PS(16:0_19:0)
1656,PS(16:0_20:0),PS(16:0_20:0)
1657,PS(16:0_20:1),PS(16:0_20:1)
1658,PS(16:0_20:3),PS(16:0_20:3)
1659,PS(16:0_20:4),PS(16:0_20:4)
1660,PS(16:0_22:4),PS(16:0_22:4)
1661,PS(16:0_22:5),PS(16:0_22:5)
1662,PS(16:0_22:6),PS(16:0_22:6)
1663,PS(16:1_16:1),PS(16:1_16:1)
1664,PS(16:1_17:0),PS(16:1_17:0)
1665,PS(16:1_18:0),PS(16:1_18:0)
1666,PS(16:1_18:1),PS(16:1_18:1)
1667,PS(16:1_18:2),PS(16:1_18:2)
1668,PS(16:1_18:3),PS(16:1_18:3)
1669,PS(16:1_19:0),PS(16:1_19:0)
1670,PS(16:1_20:0),PS(16:1_20:0)
1671,PS(16:1_20:1),PS(16:1_20:1)
1672,PS(16:1_20:2),PS(16:1_20:2)
1673,PS(16:1_20:3),PS(16:1_20:3)
1674,PS(16:1_20:4),PS(16:1_20:4)
1675,PS(16:1_20:5),PS(16:1_20:5)
1676,PS(16:1_22:4),PS(16:1_22:4)
1677,PS(16:1_22:5),PS(16:1_22:5)
1678,PS(16:1_22:6),PS(16:1_22:6)
1679,PS(17:0_17:0),PS(17:0_17:0)
1680,PS(17:0_18:0),PS(17:0_18:0)
1681,PS(17:0_18:1),PS(17:0_18:1)
1682,PS(17:0_18:2),PS(17:0_18:2)
1683,PS(17:0_18:3),PS(17:0_18:3)
1684,PS(17:0_19:0),PS(17:0_19:0)
1685,PS(17:0_20:0),PS(17:0_20:0)
1686,PS(17:0_20:1),PS(17:0_20:1)
1687,PS(17:0_20:2),PS(17:0_20:2)
1688,PS(17:0_20:3),PS(17:0_20:3)
1689,PS(17:0_20:4),PS(17:0_20:4)
1690,PS(17:0_20:5),PS(17:0_20:5)
1691,PS(17:0_22:4),PS(17:0_22:4)
1692,PS(17:0_22:5),PS(17:0_22:5)
1693,PS(17:0_22:6),PS(17:0_22:6)
1694,PS(18:0_16:1),PS(18:0_16:1)
1695,PS(18:0_18:0),PS(18:0_18:0)
1696,PS(18:0_18:1),PS(18:0_18:1)
1697,PS(18:0_18:2),PS(18:0_18:2)
1698,PS(18:0_18:3),PS(18:0_18:3)
1699,PS(18:0_19:0),PS(18:0_19:0)
1700,PS(18:0_20:0),PS(18:0_20:0)
1701,PS(18:0_20:1),PS(18:0_20:1)
1702,PS(18:0_20:2),PS(18:0_20:2)
1703,PS(18:0_20:3),PS(18:0_20:3)
1704,PS(18:0_20:4),PS(18:0_20:4)
1705,PS(18:0_20:5),PS(18:0_20:5)
1706,PS(18:0_22:4),PS(18:0_22:4)
1707,PS(18:0_22:5),PS(18:0_22:5)
1708,PS(18:0_22:6),PS(18:0_22:6)
1709,PS(18:1_16:1),PS(18:1_16:1)
1710,PS(18:1_18:1),PS(18:1_18:1)
1711,PS(18:1_18:2),PS(18:1_18:2)
1712,PS(18:1_19:0),PS(18:1_19:0)
1713,PS(18:1_20:0),PS(18:1_20:0)
1714,PS(18:1_20:1),PS(18:1_20:1)
1715,PS(18:1_20:2),PS(18:1_20:2)
1716,PS(18:1_20:3),PS(18:1_20:3)
1717,PS(18:1_20:4),PS(18:1_20:4)
1718,PS(18:1_20:5),PS(18:1_20:5)
1719,PS(18:1_22:4),PS(18:1_22:4)
1720,PS(18:1_22:5),PS(18:1_22:5)
1721,PS(18:1_22:6),PS(18:1_22:6)
1722,PS(18:2_16:1),PS(18:2_16:1)
1723,PS(18:2_18:2),PS(18:2_18:2)
1724,PS(18:2_19:0),PS(18:2_19:0)
1725,PS(18:2_20:0),PS(18:2_20:0)
1726,PS(18:2_20:2),PS(18:2_20:2)
1727,PS(18:2_20:3),PS(18:2_20:3)
1728,PS(18:2_20:4),PS(18:2_20:4)
1729,PS(18:2_20:5),PS(18:2_20:5)
1730,PS(18:2_22:4),PS(18:2_22:4)
1731,PS(18:2_22:5),PS(18:2_22:5)
1732,PS(18:2_22:6),PS(18:2_22:6)
1733,PS(18:3_20:1),PS(18:3_20:1)
1734,PS(18:3_20:2),PS(18:3_20:2)
1735,PS(18:3_20:3),PS(18:3_20:3)
1736,PS(18:3_20:4),PS(18:3_20:4)
1737,PS(18:3_20:5),PS(18:3_20:5)
1738,PS(18:3_22:4),PS(18:3_22:4)
1739,PS(18:3_22:5),PS(18:3_22:5)
1740,PS(18:3_22:6),PS(18:3_22:6)
1741,PS(19:0_19:0),PS(19:0_19:0)
1742,PS(19:0_20:0),PS(19:0_20:0)
1743,PS(19:0_20:1),PS(19:0_20:1)
1744,PS(19:0_20:2),PS(19:0_20:2)
1745,PS(19:0_20:3),PS(19:0_20:3)
1746,PS(19:0_20:4),PS(19:0_20:4)
1747,PS(19:0_20:5),PS(19:0_20:5)
1748,PS(19:0_22:4),PS(19:0_22:4)
1749,PS(19:0_22:5),PS(19:0_22:5)
1750,PS(19:0_22:6),PS(19:0_22:6)
1751,PS(20:0_16:1),PS(20:0_16:1)
1752,PS(20:0_18:1),PS(20:0_18:1)
1753,PS(20:0_18:2),PS(20:0_18:2)
1754,PS(20:0_18:3),PS(20:0_18:3)
1755,PS(20:0_20:0),PS(20:0_20:0)
1756,PS(20:0_20:1),PS(20:0_20:1)
1757,PS(20:0_20:2),PS(20:0_20:2)
1758,PS(20:0_20:3),PS(20:0_20:3)
1759,PS(20:0_20:4),PS(20:0_20:4)
1760,PS(20:0_20:5),PS(20:0_20:5)
1761,PS(20:0_22:4),PS(20:0_22:4)
1762,PS(20:0_22:5),PS(20:0_22:5)
1763,PS(20:0_22:6),PS(20:0_22:6)
1764,PS(20:1_20:1),PS(20:1_20:1)
1765,PS(20:1_20:2),PS(20:1_20:2)
1766,PS(20:1_20:3),PS(20:1_20:3)
1767,PS(20:1_20:4),PS(20:1_20:4)
1768,PS(20:1_22:4),PS(20:1_22:4)
1769,PS(20:1_22:5),PS(20:1_22:5)
1770,PS(20:1_22:6),PS(20:1_22:6)
1771,PS(20:2_20:2),PS(20:2_20:2)
1772,PS(20:2_20:3),PS(20:2_20:3)
1773,PS(20:2_20:4),PS(20:2_20:4)
1774,PS(20:2_20:5),PS(20:2_20:5)
1775,PS(20:2_22:4),PS(20:2_22:4)
1776,PS(20:2_22:5),PS(20:2_22:5)
1777,PS(20:2_22:6),PS(20:2_22:6)
1778,PS(20:3_20:3),PS(20:3_20:3)
1779,PS(20:3_20:4),PS(20:3_20:4)
1780,PS(20:3_20:5),PS(20:3_20:5)
1781,PS(20:3_22:4),PS(20:3_22:4)
1782,PS(20:3_22:5),PS(20:3_22:5)
1783,PS(20:3_22:6),PS(20:3_22:6)
1784,PS(20:4_20:4),PS(20:4_20:4)
1785,PS(20:4_20:5),PS(20:4_20:5)
1786,PS(20:4_22:4),PS(20:4_22:4)
1787,PS(20:4_22:5),PS(20:4_22:5)
1788,PS(20:4_22:6),PS(20:4_22:6)
1789,PS(20:5_20:5),PS(20:5_20:5)
1790,PS(20:5_22:4),PS(20:5_22:4)
1791,PS(20:5_22:5),PS(20:5_22:5)
1792,PS(20:5_22:6),PS(20:5_22:6)
1793,PS(22:4_22:4),PS(22:4_22:4)
1794,PS(22:4_22:5),PS(22:4_22:5)
1795,PS(22:4_22:6),PS(22:4_22:6)
1796,PS(22:5_22:5),PS(22:5_22:5)
1797,PS(22:5_22:6),PS(22:5_22:6)
1798,PS(22:6_22:6),PS(22:6_22:6)
1799,SIL_17:0-14:1 PS-d5,SIL_PS(17:0_14:1)_d5
1800,SIL_17:0-16:1 PS-d5,SIL_PS(17:0_16:1)_d5
1801,SIL_17:0-18:1 PS-d5,SIL_PS(17:0_18:1)_d5
1802,SIL_17:0-20:3 PS-d5,SIL_PS(17:0_20:3)_d5
1803,SIL_17:0-22:4 PS-d5,SIL_PS(17:0_22:4)_d5
1804,SM(14:0),SM(d18:1/14:0)
1805,SM(16:0),SM(d18:1/16:0)
1806,SM(18:0),SM(d18:1/18:0)
1807,SM(18:1),SM(d18:1/18:1)
1808,SM(20:0),SM(d18:1/20:0)
1809,SM(20:1),SM(d18:1/20:1)
1810,SM(22:0),SM(d18:1/22:0)
1811,SM(22:1),SM(d18:1/22:1)
1812,SM(24:0),SM(d18:1/24:0)
1813,SM(24:1),SM(d18:1/24:1)
1814,SM(26:0),SM(d18:1/26:0)
1815,SM(26:1),SM(d18:1/26:1)
1816,SIL_15:0 SM (d18:1/15:0)-D9,SIL_SM(d18:1/15:0)_d9
1817,SIL_16:1 SM (d18:1/16:1)-d9,SIL_SM(d18:1/16:1)_d9
1818,SIL_18:1 SM (d18:1/18:1)-d9,SIL_SM(d18:1/18:1)_d9
1819,SIL_20:1 SM (d18:1/20:1)-d9,SIL_SM(d18:1/20:1)_d9
1820,SIL_22:1 SM (d18:1/22:1)-d9,SIL_SM(d18:1/22:1)_d9
1821,SIL_24:1 SM (d18:1/24:1)-d9,SIL_SM(d18:1/24:1)_d9
1822,TAG(40:0_FA14:0),TG(40:0_FA14:0)
1823,TAG(40:0_FA16:0),TG(40:0_FA16:0)
1824,TAG(42:0_FA14:0),TG(42:0_FA14:0)
1825,TAG(42:0_FA16:0),TG(42:0_FA16:0)
1826,TAG(42:1_FA14:0),TG(42:1_FA14:0)
1827,TAG(42:1_FA16:0),TG(42:1_FA16:0)
1828,TAG(42:1_FA16:1),TG(42:1_FA16:1)
1829,TAG(42:1_FA18:1),TG(42:1_FA18:1)
1830,TAG(42:2_FA18:2),TG(42:2_FA18:2)
1831,TAG(44:0_FA14:0),TG(44:0_FA14:0)
1832,TAG(44:0_FA16:0),TG(44:0_FA16:0)
1833,TAG(44:0_FA18:0),TG(44:0_FA18:0)
1834,TAG(44:1_FA14:0),TG(44:1_FA14:0)
1835,TAG(44:1_FA16:0),TG(44:1_FA16:0)
1836,TAG(44:1_FA16:1),TG(44:1_FA16:1)
1837,TAG(44:1_FA18:1),TG(44:1_FA18:1)
1838,TAG(44:2_FA14:0),TG(44:2_FA14:0)
1839,TAG(44:2_FA16:0),TG(44:2_FA16:0)
1840,TAG(44:2_FA16:1),TG(44:2_FA16:1)
1841,TAG(44:2_FA18:1),TG(44:2_FA18:1)
1842,TAG(44:2_FA18:2),TG(44:2_FA18:2)
1843,TAG(44:3_FA18:2),TG(44:3_FA18:2)
1844,TAG(45:0_FA14:0),TG(45:0_FA14:0)
1845,TAG(45:0_FA16:0),TG(45:0_FA16:0)
1846,TAG(45:1_FA16:0),TG(45:1_FA16:0)
1847,TAG(45:1_FA18:1),TG(45:1_FA18:1)
1848,TAG(46:0_FA14:0),TG(46:0_FA14:0)
1849,TAG(46:0_FA16:0),TG(46:0_FA16:0)
1850,TAG(46:0_FA18:0),TG(46:0_FA18:0)
1851,TAG(46:1_FA14:0),TG(46:1_FA14:0)
1852,TAG(46:1_FA16:0),TG(46:1_FA16:0)
1853,TAG(46:1_FA16:1),TG(46:1_FA16:1)
1854,TAG(46:1_FA18:0),TG(46:1_FA18:0)
1855,TAG(46:1_FA18:1),TG(46:1_FA18:1)
1856,TAG(46:2_FA14:0),TG(46:2_FA14:0)
1857,TAG(46:2_FA16:0),TG(46:2_FA16:0)
1858,TAG(46:2_FA16:1),TG(46:2_FA16:1)
1859,TAG(46:2_FA18:1),TG(46:2_FA18:1)
1860,TAG(46:2_FA18:2),TG(46:2_FA18:2)
1861,TAG(46:3_FA14:0),TG(46:3_FA14:0)
1862,TAG(46:3_FA16:0),TG(46:3_FA16:0)
1863,TAG(46:3_FA16:1),TG(46:3_FA16:1)
1864,TAG(46:3_FA18:1),TG(46:3_FA18:1)
1865,TAG(46:3_FA18:2),TG(46:3_FA18:2)
1866,TAG(46:3_FA18:3),TG(46:3_FA18:3)
1867,TAG(46:4_FA18:2),TG(46:4_FA18:2)
1868,TAG(47:0_FA14:0),TG(47:0_FA14:0)
1869,TAG(47:0_FA16:0),TG(47:0_FA16:0)
1870,TAG(47:0_FA17:0),TG(47:0_FA17:0)
1871,TAG(47:1_FA14:0),TG(47:1_FA14:0)
1872,TAG(47:1_FA16:0),TG(47:1_FA16:0)
1873,TAG(47:1_FA16:1),TG(47:1_FA16:1)
1874,TAG(47:1_FA17:0),TG(47:1_FA17:0)
1875,TAG(47:1_FA18:1),TG(47:1_FA18:1)
1876,TAG(47:2_FA14:0),TG(47:2_FA14:0)
1877,TAG(47:2_FA16:1),TG(47:2_FA16:1)
1878,TAG(47:2_FA18:1),TG(47:2_FA18:1)
1879,TAG(47:2_FA18:2),TG(47:2_FA18:2)
1880,TAG(48:0_FA14:0),TG(48:0_FA14:0)
1881,TAG(48:0_FA16:0),TG(48:0_FA16:0)
1882,TAG(48:0_FA18:0),TG(48:0_FA18:0)
1883,TAG(48:1_FA14:0),TG(48:1_FA14:0)
1884,TAG(48:1_FA16:0),TG(48:1_FA16:0)
1885,TAG(48:1_FA16:1),TG(48:1_FA16:1)
1886,TAG(48:1_FA18:0),TG(48:1_FA18:0)
1887,TAG(48:1_FA18:1),TG(48:1_FA18:1)
1888,TAG(48:2_FA14:0),TG(48:2_FA14:0)
1889,TAG(48:2_FA16:0),TG(48:2_FA16:0)
1890,TAG(48:2_FA16:1),TG(48:2_FA16:1)
1891,TAG(48:2_FA18:0),TG(48:2_FA18:0)
1892,TAG(48:2_FA18:1),TG(48:2_FA18:1)
1893,TAG(48:2_FA18:2),TG(48:2_FA18:2)
1894,TAG(48:3_FA14:0),TG(48:3_FA14:0)
1895,TAG(48:3_FA16:0),TG(48:3_FA16:0)
1896,TAG(48:3_FA16:1),TG(48:3_FA16:1)
1897,TAG(48:3_FA18:1),TG(48:3_FA18:1)
1898,TAG(48:3_FA18:2),TG(48:3_FA18:2)
1899,TAG(48:3_FA18:3),TG(48:3_FA18:3)
1900,TAG(48:4_FA14:0),TG(48:4_FA14:0)
1901,TAG(48:4_FA16:0),TG(48:4_FA16:0)
1902,TAG(48:4_FA16:1),TG(48:4_FA16:1)
1903,TAG(48:4_FA18:1),TG(48:4_FA18:1)
1904,TAG(48:4_FA18:2),TG(48:4_FA18:2)
1905,TAG(48:4_FA18:3),TG(48:4_FA18:3)
1906,TAG(48:4_FA20:4),TG(48:4_FA20:4)
1907,TAG(48:5_FA18:2),TG(48:5_FA18:2)
1908,TAG(48:5_FA18:3),TG(48:5_FA18:3)
1909,TAG(49:0_FA16:0),TG(49:0_FA16:0)
1910,TAG(49:0_FA17:0),TG(49:0_FA17:0)
1911,TAG(49:0_FA18:0),TG(49:0_FA18:0)
1912,TAG(49:1_FA14:0),TG(49:1_FA14:0)
1913,TAG(49:1_FA16:0),TG(49:1_FA16:0)
1914,TAG(49:1_FA16:1),TG(49:1_FA16:1)
1915,TAG(49:1_FA17:0),TG(49:1_FA17:0)
1916,TAG(49:1_FA18:1),TG(49:1_FA18:1)
1917,TAG(49:2_FA14:0),TG(49:2_FA14:0)
1918,TAG(49:2_FA16:0),TG(49:2_FA16:0)
1919,TAG(49:2_FA16:1),TG(49:2_FA16:1)
1920,TAG(49:2_FA17:0),TG(49:2_FA17:0)
1921,TAG(49:2_FA18:1),TG(49:2_FA18:1)
1922,TAG(49:2_FA18:2),TG(49:2_FA18:2)
1923,TAG(49:3_FA16:0),TG(49:3_FA16:0)
1924,TAG(49:3_FA16:1),TG(49:3_FA16:1)
1925,TAG(49:3_FA18:2),TG(49:3_FA18:2)
1926,TAG(49:3_FA18:3),TG(49:3_FA18:3)
1927,TAG(50:0_FA14:0),TG(50:0_FA14:0)
1928,TAG(50:0_FA16:0),TG(50:0_FA16:0)
1929,TAG(50:0_FA18:0),TG(50:0_FA18:0)
1930,TAG(50:1_FA14:0),TG(50:1_FA14:0)
1931,TAG(50:1_FA16:0),TG(50:1_FA16:0)
1932,TAG(50:1_FA16:1),TG(50:1_FA16:1)
1933,TAG(50:1_FA18:0),TG(50:1_FA18:0)
1934,TAG(50:1_FA18:1),TG(50:1_FA18:1)
1935,TAG(50:1_FA20:1),TG(50:1_FA20:1)
1936,TAG(50:2_FA14:0),TG(50:2_FA14:0)
1937,TAG(50:2_FA16:0),TG(50:2_FA16:0)
1938,TAG(50:2_FA16:1),TG(50:2_FA16:1)
1939,TAG(50:2_FA18:0),TG(50:2_FA18:0)
1940,TAG(50:2_FA18:1),TG(50:2_FA18:1)
1941,TAG(50:2_FA18:2),TG(50:2_FA18:2)
1942,TAG(50:2_FA20:2),TG(50:2_FA20:2)
1943,TAG(50:3_FA14:0),TG(50:3_FA14:0)
1944,TAG(50:3_FA16:0),TG(50:3_FA16:0)
1945,TAG(50:3_FA16:1),TG(50:3_FA16:1)
1946,TAG(50:3_FA18:0),TG(50:3_FA18:0)
1947,TAG(50:3_FA18:1),TG(50:3_FA18:1)
1948,TAG(50:3_FA18:2),TG(50:3_FA18:2)
1949,TAG(50:3_FA18:3),TG(50:3_FA18:3)
1950,TAG(50:3_FA20:3),TG(50:3_FA20:3)
1951,TAG(50:4_FA14:0),TG(50:4_FA14:0)
1952,TAG(50:4_FA16:0),TG(50:4_FA16:0)
1953,TAG(50:4_FA16:1),TG(50:4_FA16:1)
1954,TAG(50:4_FA18:1),TG(50:4_FA18:1)
1955,TAG(50:4_FA18:2),TG(50:4_FA18:2)
1956,TAG(50:4_FA18:3),TG(50:4_FA18:3)
1957,TAG(50:4_FA20:3),TG(50:4_FA20:3)
1958,TAG(50:4_FA20:4),TG(50:4_FA20:4)
1959,TAG(50:5_FA14:0),TG(50:5_FA14:0)
1960,TAG(50:5_FA16:0),TG(50:5_FA16:0)
1961,TAG(50:5_FA16:1),TG(50:5_FA16:1)
1962,TAG(50:5_FA18:1),TG(50:5_FA18:1)
1963,TAG(50:5_FA18:2),TG(50:5_FA18:2)
1964,TAG(50:5_FA18:3),TG(50:5_FA18:3)
1965,TAG(50:5_FA20:4),TG(50:5_FA20:4)
1966,TAG(50:5_FA20:5),TG(50:5_FA20:5)
1967,TAG(50:6_FA20:4),TG(50:6_FA20:4)
1968,TAG(51:0_FA16:0),TG(51:0_FA16:0)
1969,TAG(51:0_FA17:0),TG(51:0_FA17:0)
1970,TAG(51:0_FA18:0),TG(51:0_FA18:0)
1971,TAG(51:1_FA16:0),TG(51:1_FA16:0)
1972,TAG(51:1_FA17:0),TG(51:1_FA17:0)
1973,TAG(51:1_FA18:0),TG(51:1_FA18:0)
1974,TAG(51:1_FA18:1),TG(51:1_FA18:1)
1975,TAG(51:2_FA16:0),TG(51:2_FA16:0)
1976,TAG(51:2_FA16:1),TG(51:2_FA16:1)
1977,TAG(51:2_FA17:0),TG(51:2_FA17:0)
1978,TAG(51:2_FA18:1),TG(51:2_FA18:1)
1979,TAG(51:2_FA18:2),TG(51:2_FA18:2)
1980,TAG(51:3_FA16:1),TG(51:3_FA16:1)
1981,TAG(51:3_FA17:0),TG(51:3_FA17:0)
1982,TAG(51:3_FA18:2),TG(51:3_FA18:2)
1983,TAG(51:3_FA18:3),TG(51:3_FA18:3)
1984,TAG(51:4_FA16:1),TG(51:4_FA16:1)
1985,TAG(51:4_FA18:2),TG(51:4_FA18:2)
1986,TAG(51:4_FA18:3),TG(51:4_FA18:3)
1987,TAG(51:4_FA20:4),TG(51:4_FA20:4)
1988,TAG(51:5_FA18:2),TG(51:5_FA18:2)
1989,TAG(51:5_FA18:3),TG(51:5_FA18:3)
1990,TAG(52:0_FA16:0),TG(52:0_FA16:0)
1991,TAG(52:0_FA18:0),TG(52:0_FA18:0)
1992,TAG(52:0_FA20:0),TG(52:0_FA20:0)
1993,TAG(52:1_FA16:0),TG(52:1_FA16:0)
1994,TAG(52:1_FA16:1),TG(52:1_FA16:1)
1995,TAG(52:1_FA18:0),TG(52:1_FA18:0)
1996,TAG(52:1_FA18:1),TG(52:1_FA18:1)
1997,TAG(52:1_FA20:0),TG(52:1_FA20:0)
1998,TAG(52:1_FA20:1),TG(52:1_FA20:1)
1999,TAG(52:2_FA14:0),TG(52:2_FA14:0)
2000,TAG(52:2_FA16:0),TG(52:2_FA16:0)
2001,TAG(52:2_FA16:1),TG(52:2_FA16:1)
2002,TAG(52:2_FA18:0),TG(52:2_FA18:0)
2003,TAG(52:2_FA18:1),TG(52:2_FA18:1)
2004,TAG(52:2_FA18:2),TG(52:2_FA18:2)
2005,TAG(52:2_FA20:0),TG(52:2_FA20:0)
2006,TAG(52:2_FA20:1),TG(52:2_FA20:1)
2007,TAG(52:2_FA20:2),TG(52:2_FA20:2)
2008,TAG(52:3_FA14:0),TG(52:3_FA14:0)
2009,TAG(52:3_FA16:0),TG(52:3_FA16:0)
2010,TAG(52:3_FA16:1),TG(52:3_FA16:1)
2011,TAG(52:3_FA18:0),TG(52:3_FA18:0)
2012,TAG(52:3_FA18:1),TG(52:3_FA18:1)
2013,TAG(52:3_FA18:2),TG(52:3_FA18:2)
2014,TAG(52:3_FA18:3),TG(52:3_FA18:3)
2015,TAG(52:3_FA20:0),TG(52:3_FA20:0)
2016,TAG(52:3_FA20:1),TG(52:3_FA20:1)
2017,TAG(52:3_FA20:2),TG(52:3_FA20:2)
2018,TAG(52:3_FA20:3),TG(52:3_FA20:3)
2019,TAG(52:4_FA14:0),TG(52:4_FA14:0)
2020,TAG(52:4_FA16:0),TG(52:4_FA16:0)
2021,TAG(52:4_FA16:1),TG(52:4_FA16:1)
2022,TAG(52:4_FA18:0),TG(52:4_FA18:0)
2023,TAG(52:4_FA18:1),TG(52:4_FA18:1)
2024,TAG(52:4_FA18:2),TG(52:4_FA18:2)
2025,TAG(52:4_FA18:3),TG(52:4_FA18:3)
2026,TAG(52:4_FA20:0),TG(52:4_FA20:0)
2027,TAG(52:4_FA20:2),TG(52:4_FA20:2)
2028,TAG(52:4_FA20:3),TG(52:4_FA20:3)
2029,TAG(52:4_FA20:4),TG(52:4_FA20:4)
2030,TAG(52:4_FA22:4),TG(52:4_FA22:4)
2031,TAG(52:5_FA14:0),TG(52:5_FA14:0)
2032,TAG(52:5_FA16:0),TG(52:5_FA16:0)
2033,TAG(52:5_FA16:1),TG(52:5_FA16:1)
2034,TAG(52:5_FA18:1),TG(52:5_FA18:1)
2035,TAG(52:5_FA18:2),TG(52:5_FA18:2)
2036,TAG(52:5_FA18:3),TG(52:5_FA18:3)
2037,TAG(52:5_FA20:3),TG(52:5_FA20:3)
2038,TAG(52:5_FA20:4),TG(52:5_FA20:4)
2039,TAG(52:5_FA20:5),TG(52:5_FA20:5)
2040,TAG(52:5_FA22:5),TG(52:5_FA22:5)
2041,TAG(52:6_FA14:0),TG(52:6_FA14:0)
2042,TAG(52:6_FA16:0),TG(52:6_FA16:0)
2043,TAG(52:6_FA16:1),TG(52:6_FA16:1)
2044,TAG(52:6_FA18:1),TG(52:6_FA18:1)
2045,TAG(52:6_FA18:2),TG(52:6_FA18:2)
2046,TAG(52:6_FA18:3),TG(52:6_FA18:3)
2047,TAG(52:6_FA20:4),TG(52:6_FA20:4)
2048,TAG(52:6_FA20:5),TG(52:6_FA20:5)
2049,TAG(52:6_FA22:6),TG(52:6_FA22:6)
2050,TAG(52:7_FA16:0),TG(52:7_FA16:0)
2051,TAG(52:7_FA18:1),TG(52:7_FA18:1)
2052,TAG(52:7_FA20:5),TG(52:7_FA20:5)
2053,TAG(52:7_FA22:6),TG(52:7_FA22:6)
2054,TAG(52:8_FA16:1),TG(52:8_FA16:1)
2055,TAG(52:8_FA18:2),TG(52:8_FA18:2)
2056,TAG(53:0_FA16:0),TG(53:0_FA16:0)
2057,TAG(53:1_FA16:0),TG(53:1_FA16:0)
2058,TAG(53:1_FA17:0),TG(53:1_FA17:0)
2059,TAG(53:1_FA18:0),TG(53:1_FA18:0)
2060,TAG(53:1_FA18:1),TG(53:1_FA18:1)
2061,TAG(53:2_FA16:0),TG(53:2_FA16:0)
2062,TAG(53:2_FA17:0),TG(53:2_FA17:0)
2063,TAG(53:2_FA18:1),TG(53:2_FA18:1)
2064,TAG(53:2_FA18:2),TG(53:2_FA18:2)
2065,TAG(53:3_FA16:0),TG(53:3_FA16:0)
2066,TAG(53:3_FA17:0),TG(53:3_FA17:0)
2067,TAG(53:3_FA18:2),TG(53:3_FA18:2)
2068,TAG(53:4_FA16:0),TG(53:4_FA16:0)
2069,TAG(53:4_FA17:0),TG(53:4_FA17:0)
2070,TAG(53:4_FA18:2),TG(53:4_FA18:2)
2071,TAG(53:4_FA18:3),TG(53:4_FA18:3)
2072,TAG(53:4_FA20:4),TG(53:4_FA20:4)
2073,TAG(53:5_FA20:4),TG(53:5_FA20:4)
2074,TAG(53:6_FA20:4),TG(53:6_FA20:4)
2075,TAG(54:0_FA16:0),TG(54:0_FA16:0)
2076,TAG(54:0_FA18:0),TG(54:0_FA18:0)
2077,TAG(54:1_FA16:0),TG(54:1_FA16:0)
2078,TAG(54:1_FA18:0),TG(54:1_FA18:0)
2079,TAG(54:1_FA18:1),TG(54:1_FA18:1)
2080,TAG(54:1_FA20:0),TG(54:1_FA20:0)
2081,TAG(54:1_FA20:1),TG(54:1_FA20:1)
2082,TAG(54:2_FA16:0),TG(54:2_FA16:0)
2083,TAG(54:2_FA18:0),TG(54:2_FA18:0)
2084,TAG(54:2_FA18:1),TG(54:2_FA18:1)
2085,TAG(54:2_FA18:2),TG(54:2_FA18:2)
2086,TAG(54:2_FA20:0),TG(54:2_FA20:0)
2087,TAG(54:2_FA20:1),TG(54:2_FA20:1)
2088,TAG(54:2_FA20:2),TG(54:2_FA20:2)
2089,TAG(54:3_FA16:0),TG(54:3_FA16:0)
2090,TAG(54:3_FA16:1),TG(54:3_FA16:1)
2091,TAG(54:3_FA18:0),TG(54:3_FA18:0)
2092,TAG(54:3_FA18:1),TG(54:3_FA18:1)
2093,TAG(54:3_FA18:2),TG(54:3_FA18:2)
2094,TAG(54:3_FA18:3),TG(54:3_FA18:3)
2095,TAG(54:3_FA20:1),TG(54:3_FA20:1)
2096,TAG(54:3_FA20:2),TG(54:3_FA20:2)
2097,TAG(54:3_FA20:3),TG(54:3_FA20:3)
2098,TAG(54:4_FA16:0),TG(54:4_FA16:0)
2099,TAG(54:4_FA16:1),TG(54:4_FA16:1)
2100,TAG(54:4_FA18:0),TG(54:4_FA18:0)
2101,TAG(54:4_FA18:1),TG(54:4_FA18:1)
2102,TAG(54:4_FA18:2),TG(54:4_FA18:2)
2103,TAG(54:4_FA18:3),TG(54:4_FA18:3)
2104,TAG(54:4_FA20:1),TG(54:4_FA20:1)
2105,TAG(54:4_FA20:2),TG(54:4_FA20:2)
2106,TAG(54:4_FA20:3),TG(54:4_FA20:3)
2107,TAG(54:4_FA20:4),TG(54:4_FA20:4)
2108,TAG(54:4_FA22:4),TG(54:4_FA22:4)
2109,TAG(54:5_FA16:0),TG(54:5_FA16:0)
2110,TAG(54:5_FA16:1),TG(54:5_FA16:1)
2111,TAG(54:5_FA18:0),TG(54:5_FA18:0)
2112,TAG(54:5_FA18:1),TG(54:5_FA18:1)
2113,TAG(54:5_FA18:2),TG(54:5_FA18:2)
2114,TAG(54:5_FA18:3),TG(54:5_FA18:3)
2115,TAG(54:5_FA20:2),TG(54:5_FA20:2)
2116,TAG(54:5_FA20:3),TG(54:5_FA20:3)
2117,TAG(54:5_FA20:4),TG(54:5_FA20:4)
2118,TAG(54:5_FA20:5),TG(54:5_FA20:5)
2119,TAG(54:5_FA22:4),TG(54:5_FA22:4)
2120,TAG(54:5_FA22:5),TG(54:5_FA22:5)
2121,TAG(54:6_FA16:0),TG(54:6_FA16:0)
2122,TAG(54:6_FA16:1),TG(54:6_FA16:1)
2123,TAG(54:6_FA18:1),TG(54:6_FA18:1)
2124,TAG(54:6_FA18:2),TG(54:6_FA18:2)
2125,TAG(54:6_FA18:3),TG(54:6_FA18:3)
2126,TAG(54:6_FA20:3),TG(54:6_FA20:3)
2127,TAG(54:6_FA20:4),TG(54:6_FA20:4)
2128,TAG(54:6_FA20:5),TG(54:6_FA20:5)
2129,TAG(54:6_FA22:5),TG(54:6_FA22:5)
2130,TAG(54:6_FA22:6),TG(54:6_FA22:6)
2131,TAG(54:7_FA16:1),TG(54:7_FA16:1)
2132,TAG(54:7_FA18:1),TG(54:7_FA18:1)
2133,TAG(54:7_FA18:2),TG(54:7_FA18:2)
2134,TAG(54:7_FA18:3),TG(54:7_FA18:3)
2135,TAG(54:7_FA20:4),TG(54:7_FA20:4)
2136,TAG(54:7_FA20:5),TG(54:7_FA20:5)
2137,TAG(54:7_FA22:5),TG(54:7_FA22:5)
2138,TAG(54:7_FA22:6),TG(54:7_FA22:6)
2139,TAG(54:8_FA18:2),TG(54:8_FA18:2)
2140,TAG(54:8_FA18:3),TG(54:8_FA18:3)
2141,TAG(54:8_FA20:4),TG(54:8_FA20:4)
2142,TAG(54:8_FA20:5),TG(54:8_FA20:5)
2143,TAG(54:8_FA22:6),TG(54:8_FA22:6)
2144,TAG(55:1_FA16:0),TG(55:1_FA16:0)
2145,TAG(55:1_FA18:1),TG(55:1_FA18:1)
2146,TAG(55:2_FA18:1),TG(55:2_FA18:1)
2147,TAG(55:2_FA18:2),TG(55:2_FA18:2)
2148,TAG(55:3_FA18:1),TG(55:3_FA18:1)
2149,TAG(55:3_FA18:2),TG(55:3_FA18:2)
2150,TAG(55:4_FA18:1),TG(55:4_FA18:1)
2151,TAG(55:4_FA18:2),TG(55:4_FA18:2)
2152,TAG(55:5_FA18:1),TG(55:5_FA18:1)
2153,TAG(55:5_FA18:2),TG(55:5_FA18:2)
2154,TAG(55:5_FA20:4),TG(55:5_FA20:4)
2155,TAG(55:7_FA22:6),TG(55:7_FA22:6)
2156,TAG(56:1_FA16:0),TG(56:1_FA16:0)
2157,TAG(56:1_FA18:1),TG(56:1_FA18:1)
2158,TAG(56:10_FA18:2),TG(56:10_FA18:2)
2159,TAG(56:2_FA16:0),TG(56:2_FA16:0)
2160,TAG(56:2_FA18:0),TG(56:2_FA18:0)
2161,TAG(56:2_FA20:0),TG(56:2_FA20:0)
2162,TAG(56:2_FA20:1),TG(56:2_FA20:1)
2163,TAG(56:3_FA16:0),TG(56:3_FA16:0)
2164,TAG(56:3_FA18:0),TG(56:3_FA18:0)
2165,TAG(56:3_FA18:1),TG(56:3_FA18:1)
2166,TAG(56:3_FA18:2),TG(56:3_FA18:2)
2167,TAG(56:3_FA20:0),TG(56:3_FA20:0)
2168,TAG(56:3_FA20:1),TG(56:3_FA20:1)
2169,TAG(56:3_FA20:2),TG(56:3_FA20:2)
2170,TAG(56:4_FA16:0),TG(56:4_FA16:0)
2171,TAG(56:4_FA18:0),TG(56:4_FA18:0)
2172,TAG(56:4_FA18:1),TG(56:4_FA18:1)
2173,TAG(56:4_FA18:2),TG(56:4_FA18:2)
2174,TAG(56:4_FA20:1),TG(56:4_FA20:1)
2175,TAG(56:4_FA20:2),TG(56:4_FA20:2)
2176,TAG(56:4_FA20:3),TG(56:4_FA20:3)
2177,TAG(56:4_FA20:4),TG(56:4_FA20:4)
2178,TAG(56:4_FA22:4),TG(56:4_FA22:4)
2179,TAG(56:5_FA16:0),TG(56:5_FA16:0)
2180,TAG(56:5_FA18:0),TG(56:5_FA18:0)
2181,TAG(56:5_FA18:1),TG(56:5_FA18:1)
2182,TAG(56:5_FA18:2),TG(56:5_FA18:2)
2183,TAG(56:5_FA20:1),TG(56:5_FA20:1)
2184,TAG(56:5_FA20:2),TG(56:5_FA20:2)
2185,TAG(56:5_FA20:3),TG(56:5_FA20:3)
2186,TAG(56:5_FA20:4),TG(56:5_FA20:4)
2187,TAG(56:5_FA22:4),TG(56:5_FA22:4)
2188,TAG(56:5_FA22:5),TG(56:5_FA22:5)
2189,TAG(56:6_FA16:0),TG(56:6_FA16:0)
2190,TAG(56:6_FA18:0),TG(56:6_FA18:0)
2191,TAG(56:6_FA18:1),TG(56:6_FA18:1)
2192,TAG(56:6_FA18:2),TG(56:6_FA18:2)
2193,TAG(56:6_FA18:3),TG(56:6_FA18:3)
2194,TAG(56:6_FA20:2),TG(56:6_FA20:2)
2195,TAG(56:6_FA20:3),TG(56:6_FA20:3)
2196,TAG(56:6_FA20:4),TG(56:6_FA20:4)
2197,TAG(56:6_FA20:5),TG(56:6_FA20:5)
2198,TAG(56:6_FA22:4),TG(56:6_FA22:4)
2199,TAG(56:6_FA22:5),TG(56:6_FA22:5)
2200,TAG(56:6_FA22:6),TG(56:6_FA22:6)
2201,TAG(56:7_FA16:0),TG(56:7_FA16:0)
2202,TAG(56:7_FA16:1),TG(56:7_FA16:1)
2203,TAG(56:7_FA18:0),TG(56:7_FA18:0)
2204,TAG(56:7_FA18:1),TG(56:7_FA18:1)
2205,TAG(56:7_FA18:2),TG(56:7_FA18:2)
2206,TAG(56:7_FA18:3),TG(56:7_FA18:3)
2207,TAG(56:7_FA20:3),TG(56:7_FA20:3)
2208,TAG(56:7_FA20:4),TG(56:7_FA20:4)
2209,TAG(56:7_FA20:5),TG(56:7_FA20:5)
2210,TAG(56:7_FA22:4),TG(56:7_FA22:4)
2211,TAG(56:7_FA22:5),TG(56:7_FA22:5)
2212,TAG(56:7_FA22:6),TG(56:7_FA22:6)
2213,TAG(56:8_FA16:0),TG(56:8_FA16:0)
2214,TAG(56:8_FA16:1),TG(56:8_FA16:1)
2215,TAG(56:8_FA18:1),TG(56:8_FA18:1)
2216,TAG(56:8_FA18:2),TG(56:8_FA18:2)
2217,TAG(56:8_FA18:3),TG(56:8_FA18:3)
2218,TAG(56:8_FA20:4),TG(56:8_FA20:4)
2219,TAG(56:8_FA20:5),TG(56:8_FA20:5)
2220,TAG(56:8_FA22:5),TG(56:8_FA22:5)
2221,TAG(56:8_FA22:6),TG(56:8_FA22:6)
2222,TAG(56:9_FA18:3),TG(56:9_FA18:3)
2223,TAG(56:9_FA20:4),TG(56:9_FA20:4)
2224,TAG(56:9_FA20:5),TG(56:9_FA20:5)
2225,TAG(56:9_FA22:6),TG(56:9_FA22:6)
2226,TAG(57:10_FA22:6),TG(57:10_FA22:6)
2227,TAG(57:2_FA18:1),TG(57:2_FA18:1)
2228,TAG(57:3_FA18:2),TG(57:3_FA18:2)
2229,TAG(58:10_FA18:2),TG(58:10_FA18:2)
2230,TAG(58:10_FA20:4),TG(58:10_FA20:4)
2231,TAG(58:10_FA20:5),TG(58:10_FA20:5)
2232,TAG(58:10_FA22:5),TG(58:10_FA22:5)
2233,TAG(58:10_FA22:6),TG(58:10_FA22:6)
2234,TAG(58:2_FA18:1),TG(58:2_FA18:1)
2235,TAG(58:3_FA18:1),TG(58:3_FA18:1)
2236,TAG(58:5_FA18:1),TG(58:5_FA18:1)
2237,TAG(58:6_FA16:0),TG(58:6_FA16:0)
2238,TAG(58:6_FA18:0),TG(58:6_FA18:0)
2239,TAG(58:6_FA18:1),TG(58:6_FA18:1)
2240,TAG(58:6_FA20:4),TG(58:6_FA20:4)
2241,TAG(58:6_FA22:4),TG(58:6_FA22:4)
2242,TAG(58:6_FA22:5),TG(58:6_FA22:5)
2243,TAG(58:7_FA16:0),TG(58:7_FA16:0)
2244,TAG(58:7_FA18:0),TG(58:7_FA18:0)
2245,TAG(58:7_FA18:1),TG(58:7_FA18:1)
2246,TAG(58:7_FA18:2),TG(58:7_FA18:2)
2247,TAG(58:7_FA20:4),TG(58:7_FA20:4)
2248,TAG(58:7_FA22:4),TG(58:7_FA22:4)
2249,TAG(58:7_FA22:5),TG(58:7_FA22:5)
2250,TAG(58:7_FA22:6),TG(58:7_FA22:6)
2251,TAG(58:8_FA18:1),TG(58:8_FA18:1)
2252,TAG(58:8_FA18:2),TG(58:8_FA18:2)
2253,TAG(58:8_FA20:3),TG(58:8_FA20:3)
2254,TAG(58:8_FA20:4),TG(58:8_FA20:4)
2255,TAG(58:8_FA22:5),TG(58:8_FA22:5)
2256,TAG(58:8_FA22:6),TG(58:8_FA22:6)
2257,TAG(58:9_FA18:1),TG(58:9_FA18:1)
2258,TAG(58:9_FA18:2),TG(58:9_FA18:2)
2259,TAG(58:9_FA20:4),TG(58:9_FA20:4)
2260,TAG(58:9_FA22:5),TG(58:9_FA22:5)
2261,TAG(58:9_FA22:6),TG(58:9_FA22:6)
2262,TAG(60:10_FA22:5),TG(60:10_FA22:5)
2263,TAG(60:10_FA22:6),TG(60:10_FA22:6)
2264,TAG(60:11_FA22:5),TG(60:11_FA22:5)
2265,TAG(60:11_FA22:6),TG(60:11_FA22:6)
2266,TAG(60:12_FA22:6),TG(60:12_FA22:6)
2267,SIL_14:0-13:0-14:0 TG-d5,SIL_TG(14:0_13:0_14:0)_d5
2268,SIL_14:0-15:1-14:0 TG-d5,SIL_TG(14:0_15:1_14:0)_d5
2269,SIL_14:0-17:1-14:0 TG-d5,SIL_TG(14:0_17:1_14:0)_d5
2270,SIL_16:0-15:1-16:0 TG-d5,SIL_TG(16:0_15:1_16:0)_d5
2271,SIL_16:0-17:1-16:0 TG-d5,SIL_TG(16:0_17:1_16:0)_d5
2272,SIL_16:0-19:2-16:0 TG-d5,SIL_TG(16:0_19:2_16:0)_d5
2273,SIL_18:1-17:1-18:1 TG-d5,SIL_TG(18:1_17:1_18:1)_d5
2274,SIL_18:1-19:2-18:1 TG-d5,SIL_TG(18:1_19:2_18:1)_d5
2275,SIL_18:1-21:2-18:1 TG-d5,SIL_TG(18:1_21:2_18:1)_d5
